Temperature (K),Entropy in ideal gas approximation (eV/K)
100.0,0.0017208268031242723
101.0,0.0017238278932327111
102.0,0.0017267994163088166
103.0,0.0017297419494022668
104.0,0.001732656052849568
105.0,0.0017355422709149527
106.0,0.0017384011324009503
107.0,0.0017412331512303533
108.0,0.0017440388270011584
109.0,0.0017468186455159922
110.0,0.0017495730792874073
111.0,0.0017523025880203623
112.0,0.0017550076190731118
113.0,0.001757688607897655
114.0,0.0017603459784608238
115.0,0.0017629801436470198
116.0,0.001765591505643554
117.0,0.0017681804563094822
118.0,0.001770747377528776
119.0,0.00177329264154862
120.0,0.0017758166113035804
121.0,0.0017783196407263433
122.0,0.0017808020750456875
123.0,0.0017832642510723095
124.0,0.0017857064974730907
125.0,0.0017881291350343588
126.0,0.0017905324769146714
127.0,0.0017929168288876084
128.0,0.0017952824895750461
129.0,0.0017976297506713539
130.0,0.0017999588971589274
131.0,0.0018022702075154579
132.0,0.0018045639539133105
133.0,0.0018068404024113628
134.0,0.0018090998131396468
135.0,0.001811342440477106
136.0,0.0018135685332227713
137.0,0.0018157783347606449
138.0,0.0018179720832185633
139.0,0.001820150011621297
140.0,0.0018223123480381308
141.0,0.0018244593157251629
142.0,0.0018265911332625406
143.0,0.0018287080146868447
144.0,0.0018308101696188287
145.0,0.0018328978033866896
146.0,0.0018349711171450737
147.0,0.0018370303079899713
148.0,0.0018390755690696784
149.0,0.0018411070896919767
150.0,0.0018431250554276865
151.0,0.0018451296482107308
152.0,0.0018471210464348566
153.0,0.0018490994250471293
154.0,0.0018510649556383468
155.0,0.0018530178065304674
156.0,0.0018549581428611891
157.0,0.0018568861266657721
158.0,0.0018588019169562188
159.0,0.0018607056697979073
160.0,0.0018625975383837739
161.0,0.0018644776731061392
162.0,0.0018663462216262584
163.0,0.0018682033289416898
164.0,0.0018700491374515514
165.0,0.0018718837870197516
166.0,0.0018737074150362602
167.0,0.0018755201564764977
168.0,0.0018773221439589048
169.0,0.0018791135078007589
170.0,0.0018808943760723039
171.0,0.0018826648746492478
172.0,0.00188442512726369
173.0,0.001886175255553529
174.0,0.0018879153791104095
175.0,0.0018896456155262564
176.0,0.0018913660804384428
177.0,0.001893076887573644
178.0,0.0018947781487904205
179.0,0.0018964699741205707
180.0,0.0018981524718093017
181.0,0.0018998257483542522
182.0,0.0019014899085434088
183.0,0.0019031450554919565
184.0,0.0019047912906780893
185.0,0.001906428713977829
186.0,0.0019080574236988738
187.0,0.0019096775166135146
188.0,0.001911289087990651
189.0,0.0019128922316269288
190.0,0.0019144870398770397
191.0,0.0019160736036832001
192.0,0.0019176520126038402
193.0,0.0019192223548415285
194.0,0.0019207847172701595
195.0,0.001922339185461418
196.0,0.0019238858437105595
197.0,0.0019254247750615113
198.0,0.0019269560613313279
199.0,0.0019284797831340176
200.0,0.001929996019903757
201.0,0.0019315048499175173
202.0,0.0019330063503171166
203.0,0.0019345005971307225
204.0,0.001935987665293812
205.0,0.0019374676286696157
206.0,0.001938940560069055
207.0,0.0019404065312701925
208.0,0.0019418656130372062
209.0,0.0019433178751389073
210.0,0.0019447633863668074
211.0,0.00194620221455276
212.0,0.0019476344265861776
213.0,0.001949060088430843
214.0,0.0019504792651413281
215.0,0.0019518920208790277
216.0,0.001953298418927823
217.0,0.0019546985217093822
218.0,0.0019560923907981143
219.0,0.0019574800869357795
220.0,0.0019588616700457694
221.0,0.001960237199247073
222.0,0.00196160673286792
223.0,0.0019629703284591315
224.0,0.00196432804280717
225.0,0.0019656799319469113
226.0,0.0019670260511741276
227.0,0.0019683664550577103
228.0,0.001969701197451629
229.0,0.0019710303315066307
230.0,0.0019723539096816924
231.0,0.00197367198375524
232.0,0.0019749846048361186
233.0,0.001976291823374348
234.0,0.001977593689171647
235.0,0.001978890251391747
236.0,0.0019801815585704895
237.0,0.0019814676586257275
238.0,0.001982748598867017
239.0,0.001984024426005122
240.0,0.0019852951861613283
241.0,0.0019865609248765704
242.0,0.0019878216871203856
243.0,0.0019890775172996824
244.0,0.0019903284592673516
245.0,0.0019915745563307014
246.0,0.001992815851259734
247.0,0.0019940523862952667
248.0,0.001995284203156894
249.0,0.0019965113430508033
250.0,0.001997733846677448
251.0,0.0019989517542390663
252.0,0.002000165105447073
253.0,0.0020013739395293067
254.0,0.0020025782952371525
255.0,0.002003778210852525
256.0,0.0020049737241947347
257.0,0.0020061648726272243
258.0,0.0020073516930641886
259.0,0.002008534221977074
260.0,0.0020097124954009645
261.0,0.0020108865489408536
262.0,0.0020120564177778097
263.0,0.002013222136675031
264.0,0.002014383739983796
265.0,0.002015541261649315
266.0,0.0020166947352164744
267.0,0.0020178441938354906
268.0,0.0020189896702674636
269.0,0.002020131196889837
270.0,0.0020212688057017676
271.0,0.002022402528329406
272.0,0.002023532396031085
273.0,0.002024658439702429
274.0,0.002025780689881373
275.0,0.002026899176753102
276.0,0.0020280139301549096
277.0,0.002029124979580977
278.0,0.002030232354187077
279.0,0.002031336082795197
280.0,0.002032436193898094
281.0,0.002033532715663772
282.0,0.0020346256759398913
283.0,0.0020357151022581065
284.0,0.002036801021838336
285.0,0.002037883461592964
286.0,0.0020389624481309794
287.0,0.0020400380077620467
288.0,0.0020411101665005135
289.0,0.0020421789500693626
290.0,0.002043244383904093
291.0,0.0020443064931565482
292.0,0.002045365302698686
293.0,0.002046420837126286
294.0,0.0020474731207626063
295.0,0.002048522177661978
296.0,0.0020495680316133576
297.0,0.002050610706143808
298.0,0.0020516502245219444
299.0,0.0020526866097613193
300.0,0.0020537198846237582
301.0,0.0020547500716226494
302.0,0.0020557771930261788
303.0,0.0020568012708605237
304.0,0.002057822326912995
305.0,0.0020588403827351363
306.0,0.0020598554596457717
307.0,0.0020608675787340196
308.0,0.0020618767608622506
309.0,0.0020628830266690126
310.0,0.002063886396571906
311.0,0.002064886890770422
312.0,0.0020658845292487378
313.0,0.002066879331778474
314.0,0.002067871317921407
315.0,0.00206886050703215
316.0,0.0020698469182607905
317.0,0.0020708305705554922
318.0,0.0020718114826650583
319.0,0.002072789673141459
320.0,0.0020737651603423284
321.0,0.0020747379624334143
322.0,0.0020757080973910083
323.0,0.002076675583004329
324.0,0.002077640436877877
325.0,0.0020786026764337607
326.0,0.0020795623189139817
327.0,0.0020805193813826944
328.0,0.00208147388072843
329.0,0.0020824258336662967
330.0,0.002083375256740136
331.0,0.002084322166324665
332.0,0.002085266578627577
333.0,0.0020862085096916205
334.0,0.002087147975396644
335.0,0.002088084991461615
336.0,0.0020890195734466167
337.0,0.0020899517367548043
338.0,0.0020908814966343484
339.0,0.0020918088681803446
340.0,0.0020927338663366945
341.0,0.002093656505897969
342.0,0.002094576801511241
343.0,0.0020954947676778933
344.0,0.0020964104187554014
345.0,0.002097323768959098
346.0,0.0020982348323639044
347.0,0.0020991436229060452
348.0,0.0021000501543847385
349.0,0.002100954440463862
350.0,0.002101856494673597
351.0,0.0021027563304120496
352.0,0.0021036539609468542
353.0,0.0021045493994167504
354.0,0.00210544265883314
355.0,0.002106333752081625
356.0,0.0021072226919235243
357.0,0.0021081094909973686
358.0,0.0021089941618203777
359.0,0.002109876716789916
360.0,0.0021107571681849317
361.0,0.002111635528167368
362.0,0.002112511808783574
363.0,0.0021133860219656737
364.0,0.002114258179532933
365.0,0.0021151282931931082
366.0,0.002115996374543762
367.0,0.002116862435073584
368.0,0.0021177264861636735
369.0,0.0021185885390888177
370.0,0.0021194486050187485
371.0,0.002120306695019387
372.0,0.002121162820054063
373.0,0.002122016990984728
374.0,0.0021228692185731456
375.0,0.0021237195134820694
376.0,0.0021245678862764064
377.0,0.002125414347424362
378.0,0.002126258907298571
379.0,0.0021271015761772168
380.0,0.002127942364245132
381.0,0.002128781281594887
382.0,0.0021296183382278626
383.0,0.002130453544055311
384.0,0.0021312869088994007
385.0,0.0021321184424942506
386.0,0.0021329481544869466
387.0,0.0021337760544385496
388.0,0.002134602151825086
389.0,0.0021354264560385296
390.0,0.0021362489763877665
391.0,0.0021370697220995526
392.0,0.002137888702319454
393.0,0.0021387059261127753
394.0,0.002139521402465484
395.0,0.0021403351402851088
396.0,0.0021411471484016403
397.0,0.002141957435568412
398.0,0.002142766010462971
399.0,0.0021435728816879412
400.0,0.002144378057771871
401.0,0.00214518154717007
402.0,0.0021459833582654435
403.0,0.002146783499369302
404.0,0.002147581978722173
405.0,0.002148378804494596
406.0,0.0021491739847879095
407.0,0.0021499675276350264
408.0,0.0021507594410012003
409.0,0.0021515497327847834
410.0,0.002152338410817974
411.0,0.002153125482867551
412.0,0.002153910956635605
413.0,0.0021546948397602574
414.0,0.0021554771398163675
415.0,0.002156257864316236
416.0,0.0021570370207102964
417.0,0.0021578146163877964
418.0,0.0021585906586774747
419.0,0.0021593651548482257
420.0,0.002160138112109759
421.0,0.0021609095376132446
422.0,0.0021616794384519615
423.0,0.002162447821661921
424.0,0.0021632146942225
425.0,0.002163980063057054
426.0,0.0021647439350335304
427.0,0.0021655063169650646
428.0,0.0021662672156105792
429.0,0.002167026637675371
430.0,0.002167784589811687
431.0,0.0021685410786192985
432.0,0.002169296110646067
433.0,0.002170049692388503
434.0,0.002170801830292315
435.0,0.002171552530752954
436.0,0.0021723018001161536
437.0,0.0021730496446784584
438.0,0.0021737960706877486
439.0,0.002174541084343758
440.0,0.002175284691798587
441.0,0.0021760268991572055
442.0,0.0021767677124779504
443.0,0.0021775071377730226
444.0,0.00217824518100897
445.0,0.00217898184810717
446.0,0.0021797171449443008
447.0,0.002180451077352815
448.0,0.002181183651121399
449.0,0.0021819148719954312
450.0,0.0021826447456774335
451.0,0.00218337327782752
452.0,0.0021841004740638325
453.0,0.00218482633996298
454.0,0.0021855508810604686
455.0,0.0021862741028511237
456.0,0.0021869960107895113
457.0,0.0021877166102903514
458.0,0.002188435906728928
459.0,0.0021891539054414945
460.0,0.002189870611725671
461.0,0.0021905860308408403
462.0,0.0021913001680085374
463.0,0.0021920130284128338
464.0,0.0021927246172007216
465.0,0.0021934349394824824
466.0,0.0021941440003320663
467.0,0.0021948518047874522
468.0,0.0021955583578510155
469.0,0.0021962636644898836
470.0,0.002196967729636288
471.0,0.002197670558187917
472.0,0.0021983721550082594
473.0,0.0021990725249269464
474.0,0.002199771672740086
475.0,0.002200469603210601
476.0,0.0022011663210685537
477.0,0.0022018618310114726
478.0,0.002202556137704674
479.0,0.0022032492457815787
480.0,0.0022039411598440265
481.0,0.0022046318844625838
482.0,0.002205321424176855
483.0,0.0022060097834957796
484.0,0.0022066969668979334
485.0,0.002207382978831824
486.0,0.002208067823716185
487.0,0.0022087515059402594
488.0,0.0022094340298640896
489.0,0.0022101153998187973
490.0,0.0022107956201068623
491.0,0.002211474695002397
492.0,0.0022121526287514188
493.0,0.002212829425572119
494.0,0.0022135050896551307
495.0,0.0022141796251637863
496.0,0.002214853036234382
497.0,0.0022155253269764315
498.0,0.0022161965014729193
499.0,0.002216866563780555
500.0,0.002217535517930015
501.0,0.0022182033679261923
502.0,0.0022188701177484364
503.0,0.0022195357713507917
504.0,0.0022202003326622353
505.0,0.002220863805586911
506.0,0.002221526194004358
507.0,0.002222187501769742
508.0,0.002222847732714078
509.0,0.002223506890644456
510.0,0.0022241649793442596
511.0,0.002224822002573386
512.0,0.002225477964068459
513.0,0.0022261328675430452
514.0,0.002226786716687861
515.0,0.0022274395151709835
516.0,0.0022280912666380556
517.0,0.0022287419747124893
518.0,0.0022293916429956674
519.0,0.002230040275067141
520.0,0.00223068787448483
521.0,0.0022313344447852114
522.0,0.0022319799894835184
523.0,0.0022326245120739253
524.0,0.0022332680160297384
525.0,0.002233910504803579
526.0,0.002234551981827572
527.0,0.002235192450513522
528.0,0.0022358319142530983
529.0,0.002236470376418007
530.0,0.002237107840360173
531.0,0.0022377443094119074
532.0,0.002238379786886085
533.0,0.0022390142760763095
534.0,0.0022396477802570855
535.0,0.0022402803026839815
536.0,0.0022409118465937963
537.0,0.00224154241520472
538.0,0.0022421720117164964
539.0,0.0022428006393105824
540.0,0.0022434283011503004
541.0,0.0022440550003810012
542.0,0.0022446807401302112
543.0,0.0022453055235077887
544.0,0.0022459293536060717
545.0,0.0022465522335000307
546.0,0.00224717416624741
547.0,0.002247795154888878
548.0,0.00224841520244817
549.0,0.0022490343119322296
550.0,0.002249652486331351
551.0,0.0022502697286193164
552.0,0.0022508860417535387
553.0,0.0022515014286751895
554.0,0.002252115892309343
555.0,0.002252729435565104
556.0,0.002253342061335742
557.0,0.002253953772498821
558.0,0.0022545645719163295
559.0,0.0022551744624348074
560.0,0.0022557834468854743
561.0,0.0022563915280843522
562.0,0.0022569987088323913
563.0,0.0022576049919155925
564.0,0.002258210380105127
565.0,0.002258814876157458
566.0,0.002259418482814458
567.0,0.002260021202803529
568.0,0.0022606230388377137
569.0,0.0022612239936158156
570.0,0.0022618240698225106
571.0,0.00226242327012846
572.0,0.002263021597190419
573.0,0.0022636190536513535
574.0,0.0022642156421405425
575.0,0.0022648113652736905
576.0,0.0022654062256530316
577.0,0.0022660002258674374
578.0,0.0022665933684925207
579.0,0.002267185656090739
580.0,0.002267777091211497
581.0,0.002268367676391249
582.0,0.0022689574141535962
583.0,0.0022695463070093926
584.0,0.0022701343574568363
585.0,0.0022707215679815705
586.0,0.00227130794105678
587.0,0.0022718934791432855
588.0,0.002272478184689638
589.0,0.0022730620601322136
590.0,0.0022736451078953046
591.0,0.0022742273303912124
592.0,0.0022748087300203373
593.0,0.002275389309171267
594.0,0.0022759690702208704
595.0,0.002276548015534379
596.0,0.0022771261474654786
597.0,0.002277703468356394
598.0,0.0022782799805379744
599.0,0.0022788556863297775
600.0,0.002279430588040155
601.0,0.002280004687966333
602.0,0.0022805779883944962
603.0,0.002281150491599867
604.0,0.0022817221998467888
605.0,0.002282293115388802
606.0,0.002282863240468726
607.0,0.002283432577318736
608.0,0.00228400112816044
609.0,0.0022845688952049556
610.0,0.002285135880652987
611.0,0.0022857020866948975
612.0,0.002286267515510788
613.0,0.002286832169270565
614.0,0.0022873960501340177
615.0,0.0022879591602508907
616.0,0.002288521501760952
617.0,0.002289083076794066
618.0,0.0022896438874702636
619.0,0.002290203935899812
620.0,0.0022907632241832817
621.0,0.002291321754411618
622.0,0.002291879528666205
623.0,0.0022924365490189337
624.0,0.002292992817532269
625.0,0.0022935483362593154
626.0,0.00229410310724388
627.0,0.002294657132520539
628.0,0.0022952104141147006
629.0,0.002295762954042668
630.0,0.0022963147543117028
631.0,0.0022968658169200853
632.0,0.002297416143857179
633.0,0.002297965737103487
634.0,0.002298514598630717
635.0,0.002299062730401837
636.0,0.002299610134371137
637.0,0.002300156812484287
638.0,0.0023007027666783948
639.0,0.0023012479988820623
640.0,0.0023017925110154465
641.0,0.002302336304990311
642.0,0.0023028793827100844
643.0,0.0023034217460699167
644.0,0.0023039633969567323
645.0,0.002304504337249287
646.0,0.0023050445688182174
647.0,0.0023055840935260995
648.0,0.0023061229132274987
649.0,0.002306661029769022
650.0,0.0023071984449893742
651.0,0.0023077351607194013
652.0,0.002308271178782152
653.0,0.0023088065009929186
654.0,0.002309341129159293
655.0,0.0023098750650812168
656.0,0.0023104083105510253
657.0,0.002310940867353503
658.0,0.002311472737265927
659.0,0.002312003922058117
660.0,0.0023125344234924826
661.0,0.002313064243324072
662.0,0.0023135933833006153
663.0,0.0023141218451625738
664.0,0.0023146496306431855
665.0,0.002315176741468508
666.0,0.0023157031793574687
667.0,0.0023162289460219036
668.0,0.0023167540431666064
669.0,0.0023172784724893704
670.0,0.002317802235681031
671.0,0.002318325334425512
672.0,0.0023188477703998647
673.0,0.0023193695452743135
674.0,0.002319890660712298
675.0,0.0023204111183705105
676.0,0.0023209309198989427
677.0,0.0023214500669409234
678.0,0.00232196856113316
679.0,0.002322486404105781
680.0,0.0023230035974823714
681.0,0.0023235201428800163
682.0,0.002324036041909339
683.0,0.002324551296174539
684.0,0.002325065907273433
685.0,0.0023255798767974904
686.0,0.0023260932063318735
687.0,0.0023266058974554735
688.0,0.00232711795174095
689.0,0.0023276293707547658
690.0,0.0023281401560572255
691.0,0.0023286503092025115
692.0,0.0023291598317387173
693.0,0.0023296687252078894
694.0,0.0023301769911460574
695.0,0.0023306846310832715
696.0,0.002331191646543637
697.0,0.002331698039045349
698.0,0.0023322038101007297
699.0,0.0023327089612162556
700.0,0.0023332134938925998
701.0,0.0023337174096246575
702.0,0.002334220709901586
703.0,0.002334723396206834
704.0,0.002335225470018177
705.0,0.002335726932807745
706.0,0.002336227786042061
707.0,0.0023367280311820675
708.0,0.002337227669683163
709.0,0.0023377267029952293
710.0,0.002338225132562666
711.0,0.0023387229598244184
712.0,0.0023392201862140125
713.0,0.0023397168131595804
714.0,0.002340212842083895
715.0,0.0023407082744043963
716.0,0.0023412031115332254
717.0,0.0023416973548772493
718.0,0.0023421910058380943
719.0,0.0023426840658121732
720.0,0.002343176536190713
721.0,0.002343668418359787
722.0,0.002344159713700339
723.0,0.0023446504235882164
724.0,0.0023451405493941924
725.0,0.0023456300924839988
726.0,0.0023461190542183505
727.0,0.0023466074359529757
728.0,0.0023470952390386387
729.0,0.0023475824648211707
730.0,0.0023480691146414968
731.0,0.002348555189835658
732.0,0.002349040691734843
733.0,0.0023495256216654087
734.0,0.0023500099809489134
735.0,0.002350493770902134
736.0,0.0023509769928371
737.0,0.0023514596480611115
738.0,0.0023519417378767694
739.0,0.0023524232635819976
740.0,0.002352904226470069
741.0,0.0023533846278296308
742.0,0.0023538644689447257
743.0,0.0023543437510948205
744.0,0.002354822475554827
745.0,0.002355300643595128
746.0,0.0023557782564815983
747.0,0.0023562553154756315
748.0,0.0023567318218341592
749.0,0.0023572077768096804
750.0,0.0023576831816502775
751.0,0.0023581580375996434
752.0,0.0023586323458971046
753.0,0.0023591061077776402
754.0,0.002359579324471908
755.0,0.002360051997206265
756.0,0.0023605241272027884
757.0,0.0023609957156793
758.0,0.0023614667638493844
759.0,0.0023619372729224153
760.0,0.002362407244103573
761.0,0.0023628766785938663
762.0,0.0023633455775901565
763.0,0.0023638139422851737
764.0,0.0023642817738675406
765.0,0.0023647490735217934
766.0,0.002365215842428401
767.0,0.0023656820817637854
768.0,0.0023661477927003445
769.0,0.002366612976406466
770.0,0.002367077634046556
771.0,0.0023675417667810513
772.0,0.0023680053757664434
773.0,0.0023684684621552952
774.0,0.002368931027096263
775.0,0.0023693930717341148
776.0,0.002369854597209748
777.0,0.0023703156046602112
778.0,0.0023707760952187194
779.0,0.002371236070014678
780.0,0.002371695530173694
781.0,0.002372154476817603
782.0,0.0023726129110644804
783.0,0.0023730708340286635
784.0,0.0023735282468207684
785.0,0.002373985150547708
786.0,0.0023744415463127114
787.0,0.0023748974352153377
788.0,0.0023753528183515
789.0,0.0023758076968134743
790.0,0.0023762620716899266
791.0,0.002376715944065923
792.0,0.002377169315022947
793.0,0.002377622185638923
794.0,0.0023780745569882264
795.0,0.002378526430141703
796.0,0.0023789778061666864
797.0,0.0023794286861270127
798.0,0.0023798790710830397
799.0,0.0023803289620916604
800.0,0.0023807783602063214
801.0,0.0023812272664770384
802.0,0.0023816756819504104
803.0,0.002382123607669639
804.0,0.002382571044674543
805.0,0.002383017994001572
806.0,0.0023834644566838245
807.0,0.0023839104337510628
808.0,0.0023843559262297295
809.0,0.0023848009351429595
810.0,0.0023852454615105995
811.0,0.00238568950634922
812.0,0.0023861330706721313
813.0,0.0023865761554893996
814.0,0.00238701876180786
815.0,0.0023874608906311323
816.0,0.002387902542959636
817.0,0.002388343719790603
818.0,0.002388784422118096
819.0,0.0023892246509330172
820.0,0.0023896644072231277
821.0,0.0023901036919730598
822.0,0.002390542506164331
823.0,0.0023909808507753573
824.0,0.002391418726781468
825.0,0.0023918561351549206
826.0,0.002392293076864913
827.0,0.0023927295528775976
828.0,0.0023931655641560943
829.0,0.0023936011116605063
830.0,0.00239403619634793
831.0,0.002394470819172472
832.0,0.0023949049810852606
833.0,0.002395338683034457
834.0,0.002395771925965273
835.0,0.00239620471081998
836.0,0.0023966370385379242
837.0,0.0023970689100555383
838.0,0.0023975003263063542
839.0,0.002397931288221018
840.0,0.002398361796727298
841.0,0.0023987918527501035
842.0,0.0023992214572114904
843.0,0.0023996506110306806
844.0,0.0024000793151240677
845.0,0.0024005075704052344
846.0,0.002400935377784962
847.0,0.002401362738171244
848.0,0.0024017896524692957
849.0,0.0024022161215815695
850.0,0.0024026421464077635
851.0,0.002403067727844836
852.0,0.002403492866787017
853.0,0.0024039175641258174
854.0,0.0024043418207500425
855.0,0.0024047656375458053
856.0,0.0024051890153965333
857.0,0.002405611955182985
858.0,0.002406034457783257
859.0,0.0024064565240728
860.0,0.002406878154924423
861.0,0.0024072993512083123
862.0,0.002407720113792038
863.0,0.0024081404435405654
864.0,0.002408560341316266
865.0,0.0024089798079789315
866.0,0.0024093988443857793
867.0,0.002409817451391467
868.0,0.0024102356298481026
869.0,0.002410653380605255
870.0,0.002411070704509962
871.0,0.0024114876024067472
872.0,0.0024119040751376226
873.0,0.002412320123542104
874.0,0.002412735748457221
875.0,0.002413150950717526
876.0,0.0024135657311551047
877.0,0.0024139800905995856
878.0,0.0024143940298781527
879.0,0.002414807549815553
880.0,0.002415220651234107
881.0,0.002415633334953719
882.0,0.002416045601791888
883.0,0.002416457452563715
884.0,0.0024168688880819153
885.0,0.0024172799091568267
886.0,0.002417690516596421
887.0,0.0024181007112063103
888.0,0.00241851049378976
889.0,0.0024189198651476955
890.0,0.0024193288260787155
891.0,0.002419737377379096
892.0,0.002420145519842805
893.0,0.002420553254261508
894.0,0.0024209605814245797
895.0,0.0024213675021191117
896.0,0.002421774017129921
897.0,0.002422180127239563
898.0,0.0024225858332283345
899.0,0.00242299113587429
900.0,0.0024233960359532412
901.0,0.002423800534238777
902.0,0.0024242046315022634
903.0,0.0024246083285128566
904.0,0.0024250116260375104
905.0,0.0024254145248409856
906.0,0.0024258170256858595
907.0,0.002426219129332531
908.0,0.0024266208365392337
909.0,0.002427022148062042
910.0,0.0024274230646548793
911.0,0.0024278235870695266
912.0,0.0024282237160556325
913.0,0.0024286234523607213
914.0,0.0024290227967301973
915.0,0.0024294217499073604
916.0,0.0024298203126334053
917.0,0.002430218485647438
918.0,0.0024306162696864806
919.0,0.0024310136654854763
920.0,0.0024314106737773036
921.0,0.002431807295292779
922.0,0.002432203530760668
923.0,0.002432599380907692
924.0,0.0024329948464585356
925.0,0.002433389928135856
926.0,0.0024337846266602905
927.0,0.0024341789427504614
928.0,0.002434572877122988
929.0,0.002434966430492491
930.0,0.0024353596035716026
931.0,0.002435752397070973
932.0,0.0024361448116992763
933.0,0.0024365368481632206
934.0,0.0024369285071675563
935.0,0.0024373197894150787
936.0,0.0024377106956066396
937.0,0.002438101226441154
938.0,0.0024384913826156073
939.0,0.002438881164825061
940.0,0.002439270573762663
941.0,0.0024396596101196517
942.0,0.0024400482745853646
943.0,0.0024404365678472465
944.0,0.002440824490590854
945.0,0.0024412120434998646
946.0,0.002441599227256085
947.0,0.0024419860425394543
948.0,0.0024423724900280532
949.0,0.002442758570398112
950.0,0.0024431442843240157
951.0,0.002443529632478311
952.0,0.002443914615531714
953.0,0.0024442992341531166
954.0,0.0024446834890095932
955.0,0.0024450673807664075
956.0,0.0024454509100870197
957.0,0.002445834077633093
958.0,0.002446216884064498
959.0,0.0024465993300393225
960.0,0.002446981416213877
961.0,0.0024473631432427013
962.0,0.0024477445117785696
963.0,0.0024481255224724986
964.0,0.0024485061759737547
965.0,0.002448886472929857
966.0,0.002449266413986588
967.0,0.0024496459997879957
968.0,0.002450025230976404
969.0,0.0024504041081924166
970.0,0.0024507826320749227
971.0,0.002451160803261104
972.0,0.002451538622386443
973.0,0.002451916090084726
974.0,0.0024522932069880503
975.0,0.0024526699737268316
976.0,0.002453046390929808
977.0,0.0024534224592240475
978.0,0.0024537981792349534
979.0,0.0024541735515862715
980.0,0.0024545485769000928
981.0,0.0024549232557968645
982.0,0.0024552975888953903
983.0,0.002455671576812841
984.0,0.0024560452201647584
985.0,0.0024564185195650604
986.0,0.002456791475626048
987.0,0.002457164088958409
988.0,0.002457536360171229
989.0,0.0024579082898719897
990.0,0.002458279878666581
991.0,0.002458651127159302
992.0,0.002459022035952871
993.0,0.0024593926056484267
994.0,0.0024597628368455363
995.0,0.0024601327301422018
996.0,0.002460502286134863
997.0,0.002460871505418406
998.0,0.002461240388586164
999.0,0.00246160893622993
1000.0,0.0024619771489399547
1001.0,0.002462345027304956
1002.0,0.0024627125719121246
1003.0,0.002463079783347128
1004.0,0.002463446662194116
1005.0,0.0024638132090357263
1006.0,0.002464179424453089
1007.0,0.0024645453090258334
1008.0,0.0024649108633320923
1009.0,0.002465276087948508
1010.0,0.0024656409834502343
1011.0,0.0024660055504109476
1012.0,0.002466369789402845
1013.0,0.0024667337009966566
1014.0,0.002467097285761644
1015.0,0.0024674605442656103
1016.0,0.0024678234770749022
1017.0,0.0024681860847544164
1018.0,0.0024685483678676032
1019.0,0.002468910326976476
1020.0,0.002469271962641608
1021.0,0.0024696332754221453
1022.0,0.002469994265875806
1023.0,0.002470354934558891
1024.0,0.0024707152820262817
1025.0,0.00247107530883145
1026.0,0.0024714350155264626
1027.0,0.002471794402661983
1028.0,0.0024721534707872793
1029.0,0.0024725122204502276
1030.0,0.0024728706521973173
1031.0,0.002473228766573654
1032.0,0.002473586564122968
1033.0,0.0024739440453876143
1034.0,0.0024743012109085818
1035.0,0.002474658061225493
1036.0,0.0024750145968766134
1037.0,0.0024753708183988528
1038.0,0.0024757267263277732
1039.0,0.002476082321197589
1040.0,0.002476437603541175
1041.0,0.0024767925738900685
1042.0,0.0024771472327744758
1043.0,0.0024775015807232763
1044.0,0.0024778556182640265
1045.0,0.0024782093459229633
1046.0,0.0024785627642250102
1047.0,0.0024789158736937813
1048.0,0.002479268674851586
1049.0,0.0024796211682194314
1050.0,0.0024799733543170283
1051.0,0.002480325233662797
1052.0,0.002480676806773868
1053.0,0.0024810280741660888
1054.0,0.002481379036354028
1055.0,0.0024817296938509778
1056.0,0.0024820800471689604
1057.0,0.0024824300968187317
1058.0,0.002482779843309784
1059.0,0.0024831292871503523
1060.0,0.002483478428847417
1061.0,0.0024838272689067086
1062.0,0.0024841758078327117
1063.0,0.0024845240461286687
1064.0,0.0024848719842965844
1065.0,0.0024852196228372305
1066.0,0.002485566962250149
1067.0,0.0024859140030336563
1068.0,0.0024862607456848465
1069.0,0.0024866071906995964
1070.0,0.0024869533385725702
1071.0,0.0024872991897972223
1072.0,0.0024876447448658008
1073.0,0.002487990004269351
1074.0,0.0024883349684977243
1075.0,0.0024886796380395745
1076.0,0.002489024013382366
1077.0,0.0024893680950123787
1078.0,0.0024897118834147085
1079.0,0.002490055379073274
1080.0,0.002490398582470819
1081.0,0.002490741494088916
1082.0,0.0024910841144079703
1083.0,0.002491426443907225
1084.0,0.002491768483064763
1085.0,0.002492110232357511
1086.0,0.0024924516922612446
1087.0,0.00249279286325059
1088.0,0.0024931337457990304
1089.0,0.0024934743403789068
1090.0,0.0024938146474614226
1091.0,0.0024941546675166485
1092.0,0.0024944944010135248
1093.0,0.0024948338484198644
1094.0,0.0024951730102023605
1095.0,0.0024955118868265837
1096.0,0.0024958504787569906
1097.0,0.0024961887864569255
1098.0,0.0024965268103886245
1099.0,0.0024968645510132174
1100.0,0.0024972020087907346
1101.0,0.0024975391841801065
1102.0,0.002497876077639171
1103.0,0.002498212689624673
1104.0,0.002498549020592272
1105.0,0.002498885070996541
1106.0,0.002499220841290974
1107.0,0.0024995563319279877
1108.0,0.002499891543358924
1109.0,0.002500226476034056
1110.0,0.002500561130402587
1111.0,0.0025008955069126585
1112.0,0.002501229606011353
1113.0,0.0025015634281446925
1114.0,0.0025018969737576474
1115.0,0.002502230243294138
1116.0,0.0025025632371970374
1117.0,0.002502895955908173
1118.0,0.002503228399868334
1119.0,0.0025035605695172703
1120.0,0.002503892465293699
1121.0,0.0025042240876353076
1122.0,0.002504555436978753
1123.0,0.0025048865137596694
1124.0,0.0025052173184126696
1125.0,0.002505547851371349
1126.0,0.002505878113068287
1127.0,0.0025062081039350518
1128.0,0.0025065378244022024
1129.0,0.002506867274899294
1130.0,0.0025071964558548783
1131.0,0.0025075253676965074
1132.0,0.002507854010850738
1133.0,0.0025081823857431335
1134.0,0.002508510492798267
1135.0,0.0025088383324397253
1136.0,0.0025091659050901116
1137.0,0.0025094932111710466
1138.0,0.002509820251103174
1139.0,0.002510147025306165
1140.0,0.0025104735341987144
1141.0,0.0025107997781985522
1142.0,0.00251112575772244
1143.0,0.002511451473186178
1144.0,0.0025117769250046058
1145.0,0.0025121021135916057
1146.0,0.002512427039360106
1147.0,0.002512751702722085
1148.0,0.0025130761040885715
1149.0,0.002513400243869648
1150.0,0.002513724122474457
1151.0,0.0025140477403111992
1152.0,0.002514371097787139
1153.0,0.0025146941953086087
1154.0,0.0025150170332810073
1155.0,0.0025153396121088056
1156.0,0.0025156619321955506
1157.0,0.002515983993943865
1158.0,0.0025163057977554523
1159.0,0.002516627344031099
1160.0,0.002516948633170677
1161.0,0.0025172696655731477
1162.0,0.0025175904416365625
1163.0,0.002517910961758066
1164.0,0.002518231226333902
1165.0,0.0025185512357594115
1166.0,0.0025188709904290394
1167.0,0.0025191904907363332
1168.0,0.0025195097370739506
1169.0,0.002519828729833656
1170.0,0.0025201474694063306
1171.0,0.0025204659561819686
1172.0,0.0025207841905496822
1173.0,0.002521102172897706
1174.0,0.0025214199036133964
1175.0,0.002521737383083237
1176.0,0.0025220546116928397
1177.0,0.002522371589826946
1178.0,0.002522688317869435
1179.0,0.002523004796203319
1180.0,0.0025233210252107504
1181.0,0.002523637005273022
1182.0,0.0025239527367705732
1183.0,0.0025242682200829875
1184.0,0.0025245834555889983
1185.0,0.0025248984436664922
1186.0,0.002525213184692507
1187.0,0.0025255276790432397
1188.0,0.0025258419270940465
1189.0,0.0025261559292194427
1190.0,0.0025264696857931106
1191.0,0.002526783197187898
1192.0,0.002527096463775821
1193.0,0.0025274094859280686
1194.0,0.002527722264015003
1195.0,0.0025280347984061625
1196.0,0.002528347089470265
1197.0,0.002528659137575209
1198.0,0.002528970943088076
1199.0,0.0025292825063751357
1200.0,0.002529593827801844
1201.0,0.002529904907732848
1202.0,0.0025302157465319883
1203.0,0.002530526344562301
1204.0,0.0025308367021860206
1205.0,0.0025311468197645797
1206.0,0.0025314566976586167
1207.0,0.0025317663362279708
1208.0,0.0025320757358316915
1209.0,0.0025323848968280367
1210.0,0.002532693819574476
1211.0,0.002533002504427693
1212.0,0.002533310951743588
1213.0,0.0025336191618772794
1214.0,0.002533927135183106
1215.0,0.0025342348720146304
1216.0,0.002534542372724642
1217.0,0.002534849637665154
1218.0,0.002535156667187414
1219.0,0.0025354634616418974
1220.0,0.002535770021378317
1221.0,0.0025360763467456196
1222.0,0.002536382438091994
1223.0,0.0025366882957648653
1224.0,0.0025369939201109054
1225.0,0.002537299311476031
1226.0,0.0025376044702054034
1227.0,0.0025379093966434374
1228.0,0.0025382140911337954
1229.0,0.0025385185540193972
1230.0,0.002538822785642417
1231.0,0.0025391267863442866
1232.0,0.0025394305564656987
1233.0,0.0025397340963466083
1234.0,0.002540037406326235
1235.0,0.0025403404867430646
1236.0,0.002540643337934852
1237.0,0.002540945960238622
1238.0,0.002541248353990673
1239.0,0.0025415505195265776
1240.0,0.0025418524571811864
1241.0,0.0025421541672886266
1242.0,0.00254245565018231
1243.0,0.002542756906194929
1244.0,0.0025430579356584605
1245.0,0.002543358738904171
1246.0,0.002543659316262614
1247.0,0.002543959668063635
1248.0,0.0025442597946363733
1249.0,0.002544559696309262
1250.0,0.002544859373410031
1251.0,0.0025451588262657126
1252.0,0.0025454580552026354
1253.0,0.0025457570605464347
1254.0,0.0025460558426220496
1255.0,0.0025463544017537264
1256.0,0.002546652738265019
1257.0,0.0025469508524787942
1258.0,0.002547248744717231
1259.0,0.0025475464153018215
1260.0,0.002547843864553377
1261.0,0.002548141092792025
1262.0,0.002548438100337215
1263.0,0.0025487348875077183
1264.0,0.0025490314546216314
1265.0,0.002549327801996375
1266.0,0.0025496239299486988
1267.0,0.002549919838794683
1268.0,0.0025502155288497385
1269.0,0.002550511000428611
1270.0,0.0025508062538453806
1271.0,0.002551101289413465
1272.0,0.0025513961074456223
1273.0,0.002551690708253949
1274.0,0.002551985092149887
1275.0,0.00255227925944422
1276.0,0.0025525732104470823
1277.0,0.0025528669454679526
1278.0,0.0025531604648156613
1279.0,0.002553453768798391
1280.0,0.0025537468577236768
1281.0,0.0025540397318984105
1282.0,0.0025543323916288395
1283.0,0.0025546248372205725
1284.0,0.0025549170689785775
1285.0,0.0025552090872071843
1286.0,0.002555500892210089
1287.0,0.0025557924842903508
1288.0,0.0025560838637504
1289.0,0.0025563750308920346
1290.0,0.002556665986016423
1291.0,0.0025569567294241096
1292.0,0.0025572472614150098
1293.0,0.0025575375822884175
1294.0,0.0025578276923430036
1295.0,0.0025581175918768205
1296.0,0.0025584072811873004
1297.0,0.0025586967605712592
1298.0,0.002558986030324898
1299.0,0.002559275090743804
1300.0,0.002559563942122952
1301.0,0.002559852584756709
1302.0,0.0025601410189388303
1303.0,0.002560429244962467
1304.0,0.0025607172631201634
1305.0,0.0025610050737038606
1306.0,0.0025612926770049
1307.0,0.002561580073314018
1308.0,0.0025618672629213572
1309.0,0.0025621542461164606
1310.0,0.002562441023188276
1311.0,0.0025627275944251583
1312.0,0.00256301396011487
1313.0,0.002563300120544582
1314.0,0.002563586076000877
1315.0,0.002563871826769751
1316.0,0.002564157373136613
1317.0,0.002564442715386287
1318.0,0.002564727853803018
1319.0,0.002565012788670465
1320.0,0.002565297520271712
1321.0,0.002565582048889261
1322.0,0.0025658663748050403
1323.0,0.0025661504983004032
1324.0,0.0025664344196561274
1325.0,0.002566718139152421
1326.0,0.002567001657068922
1327.0,0.002567284973684698
1328.0,0.0025675680892782503
1329.0,0.0025678510041275146
1330.0,0.0025681337185098616
1331.0,0.0025684162327021007
1332.0,0.002568698546980478
1333.0,0.0025689806616206834
1334.0,0.0025692625768978443
1335.0,0.0025695442930865338
1336.0,0.0025698258104607697
1337.0,0.0025701071292940163
1338.0,0.002570388249859184
1339.0,0.0025706691724286346
1340.0,0.002570949897274178
1341.0,0.0025712304246670783
1342.0,0.002571510754878053
1343.0,0.0025717908881772726
1344.0,0.002572070824834366
1345.0,0.0025723505651184192
1346.0,0.002572630109297978
1347.0,0.0025729094576410487
1348.0,0.002573188610415099
1349.0,0.0025734675678870606
1350.0,0.0025737463303233308
1351.0,0.0025740248979897735
1352.0,0.0025743032711517187
1353.0,0.0025745814500739666
1354.0,0.002574859435020789
1355.0,0.0025751372262559284
1356.0,0.0025754148240426
1357.0,0.0025756922286434957
1358.0,0.002575969440320783
1359.0,0.0025762464593361047
1360.0,0.002576523285950586
1361.0,0.002576799920424829
1362.0,0.0025770763630189207
1363.0,0.002577352613992428
1364.0,0.0025776286736044034
1365.0,0.0025779045421133857
1366.0,0.002578180219777399
1367.0,0.0025784557068539576
1368.0,0.002578731003600064
1369.0,0.0025790061102722132
1370.0,0.0025792810271263902
1371.0,0.002579555754418076
1372.0,0.002579830292402245
1373.0,0.002580104641333369
1374.0,0.0025803788014654152
1375.0,0.0025806527730518536
1376.0,0.0025809265563456496
1377.0,0.002581200151599274
1378.0,0.0025814735590646977
1379.0,0.0025817467789933978
1380.0,0.002582019811636355
1381.0,0.0025822926572440573
1382.0,0.0025825653160665004
1383.0,0.0025828377883531893
1384.0,0.002583110074353139
1385.0,0.002583382174314877
1386.0,0.002583654088486443
1387.0,0.0025839258171153913
1388.0,0.0025841973604487914
1389.0,0.0025844687187332295
1390.0,0.002584739892214809
1391.0,0.0025850108811391543
1392.0,0.0025852816857514084
1393.0,0.0025855523062962376
1394.0,0.0025858227430178276
1395.0,0.0025860929961598936
1396.0,0.0025863630659656712
1397.0,0.0025866329526779246
1398.0,0.002586902656538946
1399.0,0.0025871721777905557
1400.0,0.0025874415166741043
1401.0,0.002587710673430474
1402.0,0.0025879796483000797
1403.0,0.002588248441522869
1404.0,0.0025885170533383253
1405.0,0.002588785483985468
1406.0,0.0025890537337028537
1407.0,0.002589321802728577
1408.0,0.0025895896913002724
1409.0,0.0025898573996551155
1410.0,0.0025901249280298228
1411.0,0.002590392276660656
1412.0,0.0025906594457834184
1413.0,0.002590926435633461
1414.0,0.0025911932464456797
1415.0,0.0025914598784545183
1416.0,0.0025917263318939714
1417.0,0.002591992606997581
1418.0,0.0025922587039984416
1419.0,0.0025925246231292003
1420.0,0.0025927903646220567
1421.0,0.0025930559287087648
1422.0,0.002593321315620635
1423.0,0.0025935865255885347
1424.0,0.0025938515588428876
1425.0,0.0025941164156136785
1426.0,0.00259438109613045
1427.0,0.002594645600622309
1428.0,0.0025949099293179206
1429.0,0.002595174082445516
1430.0,0.002595438060232892
1431.0,0.002595701862907408
1432.0,0.0025959654906959916
1433.0,0.002596228943825138
1434.0,0.0025964922225209124
1435.0,0.0025967553270089473
1436.0,0.0025970182575144477
1437.0,0.002597281014262192
1438.0,0.002597543597476529
1439.0,0.0025978060073813835
1440.0,0.0025980682442002553
1441.0,0.00259833030815622
1442.0,0.002598592199471932
1443.0,0.0025988539183696207
1444.0,0.0025991154650710996
1445.0,0.002599376839797759
1446.0,0.0025996380427705727
1447.0,0.002599899074210097
1448.0,0.00260015993433647
1449.0,0.002600420623369417
1450.0,0.002600681141528247
1451.0,0.0026009414890318565
1452.0,0.0026012016660987313
1453.0,0.0026014616729469423
1454.0,0.002601721509794153
1455.0,0.002601981176857617
1456.0,0.0026022406743541797
1457.0,0.00260250000250028
1458.0,0.002602759161511948
1459.0,0.0026030181516048124
1460.0,0.002603276972994095
1461.0,0.002603535625894615
1462.0,0.002603794110520789
1463.0,0.0026040524270866333
1464.0,0.002604310575805764
1465.0,0.002604568556891398
1466.0,0.002604826370556352
1467.0,0.0026050840170130474
1468.0,0.002605341496473509
1469.0,0.0026055988091493658
1470.0,0.002605855955251853
1471.0,0.0026061129349918117
1472.0,0.0026063697485796903
1473.0,0.002606626396225547
1474.0,0.002606882878139048
1475.0,0.0026071391945294707
1476.0,0.002607395345605704
1477.0,0.002607651331576249
1478.0,0.0026079071526492192
1479.0,0.002608162809032343
1480.0,0.0026084183009329647
1481.0,0.0026086736285580434
1482.0,0.0026089287921141555
1483.0,0.0026091837918074956
1484.0,0.0026094386278438775
1485.0,0.002609693300428734
1486.0,0.0026099478097671193
1487.0,0.002610202156063708
1488.0,0.002610456339522799
1489.0,0.0026107103603483133
1490.0,0.002610964218743797
1491.0,0.0026112179149124213
1492.0,0.002611471449056983
1493.0,0.0026117248213799074
1494.0,0.002611978032083246
1495.0,0.00261223108136868
1496.0,0.0026124839694375212
1497.0,0.002612736696490711
1498.0,0.002612989262728823
1499.0,0.0026132416683520617
1500.0,0.002613493913560267
1501.0,0.002613745998552913
1502.0,0.0026139979235291055
1503.0,0.002614249688687591
1504.0,0.00261450129422675
1505.0,0.0026147527403446017
1506.0,0.002615004027238803
1507.0,0.0026152551551066505
1508.0,0.002615506124145082
1509.0,0.002615756934550676
1510.0,0.002616007586519652
1511.0,0.002616258080247874
1512.0,0.0026165084159308493
1513.0,0.0026167585937637277
1514.0,0.0026170086139413085
1515.0,0.0026172584766580333
1516.0,0.002617508182107994
1517.0,0.002617757730484928
1518.0,0.0026180071219822224
1519.0,0.002618256356792914
1520.0,0.00261850543510969
1521.0,0.0026187543571248905
1522.0,0.0026190031230305046
1523.0,0.002619251733018176
1524.0,0.0026195001872792033
1525.0,0.0026197484860045377
1526.0,0.002619996629384787
1527.0,0.002620244617610215
1528.0,0.0026204924508707417
1529.0,0.002620740129355947
1530.0,0.002620987653255067
1531.0,0.0026212350227569994
1532.0,0.002621482238050301
1533.0,0.0026217292993231897
1534.0,0.0026219762067635458
1535.0,0.0026222229605589115
1536.0,0.002622469560896494
1537.0,0.002622716007963163
1538.0,0.002622962301945454
1539.0,0.0026232084430295685
1540.0,0.0026234544314013746
1541.0,0.0026237002672464082
1542.0,0.0026239459507498715
1543.0,0.0026241914820966388
1544.0,0.0026244368614712515
1545.0,0.002624682089057922
1546.0,0.002624927165040536
1547.0,0.002625172089602648
1548.0,0.002625416862927489
1549.0,0.0026256614851979596
1550.0,0.0026259059565966383
1551.0,0.0026261502773057767
1552.0,0.002626394447507303
1553.0,0.0026266384673828223
1554.0,0.0026268823371136158
1555.0,0.0026271260568806448
1556.0,0.0026273696268645477
1557.0,0.0026276130472456445
1558.0,0.0026278563182039324
1559.0,0.0026280994399190925
1560.0,0.0026283424125704883
1561.0,0.002628585236337163
1562.0,0.002628827911397846
1563.0,0.002629070437930949
1564.0,0.0026293128161145696
1565.0,0.0026295550461264893
1566.0,0.0026297971281441786
1567.0,0.0026300390623447923
1568.0,0.002630280848905175
1569.0,0.002630522488001858
1570.0,0.002630763979811063
1571.0,0.0026310053245087012
1572.0,0.0026312465222703744
1573.0,0.002631487573271376
1574.0,0.0026317284776866913
1575.0,0.002631969235690998
1576.0,0.002632209847458668
1577.0,0.0026324503131637655
1578.0,0.002632690632980053
1579.0,0.0026329308070809853
1580.0,0.0026331708356397148
1581.0,0.002633410718829091
1582.0,0.002633650456821661
1583.0,0.0026338900497896696
1584.0,0.0026341294979050616
1585.0,0.002634368801339481
1586.0,0.0026346079602642724
1587.0,0.0026348469748504813
1588.0,0.0026350858452688555
1589.0,0.0026353245716898444
1590.0,0.002635563154283602
1591.0,0.002635801593219984
1592.0,0.0026360398886685534
1593.0,0.0026362780407985756
1594.0,0.0026365160497790236
1595.0,0.002636753915778577
1596.0,0.0026369916389656217
1597.0,0.0026372292195082515
1598.0,0.0026374666575742695
1599.0,0.002637703953331188
1600.0,0.002637941106946228
1601.0,0.0026381781185863223
1602.0,0.0026384149884181147
1603.0,0.0026386517166079606
1604.0,0.002638888303321927
1605.0,0.0026391247487257954
1606.0,0.002639361052985061
1607.0,0.002639597216264932
1608.0,0.0026398332387303344
1609.0,0.0026400691205459067
1610.0,0.0026403048618760063
1611.0,0.002640540462884706
1612.0,0.002640775923735798
1613.0,0.002641011244592791
1614.0,0.0026412464256189137
1615.0,0.002641481466977114
1616.0,0.0026417163688300595
1617.0,0.00264195113134014
1618.0,0.0026421857546694663
1619.0,0.00264242023897987
1620.0,0.0026426545844329074
1621.0,0.002642888791189856
1622.0,0.00264312285941172
1623.0,0.0026433567892592256
1624.0,0.002643590580892824
1625.0,0.0026438242344726964
1626.0,0.002644057750158745
1627.0,0.002644291128110602
1628.0,0.0026445243684876285
1629.0,0.002644757471448909
1630.0,0.002644990437153263
1631.0,0.002645223265759235
1632.0,0.0026454559574251016
1633.0,0.002645688512308869
1634.0,0.0026459209305682756
1635.0,0.0026461532123607926
1636.0,0.0026463853578436204
1637.0,0.0026466173671736964
1638.0,0.0026468492405076894
1639.0,0.002647080978002002
1640.0,0.002647312579812774
1641.0,0.0026475440460958784
1642.0,0.0026477753770069255
1643.0,0.0026480065727012623
1644.0,0.002648237633333972
1645.0,0.0026484685590598754
1646.0,0.0026486993500335347
1647.0,0.002648930006409248
1648.0,0.002649160528341053
1649.0,0.0026493909159827295
1650.0,0.002649621169487796
1651.0,0.0026498512890095137
1652.0,0.0026500812747008847
1653.0,0.0026503111267146546
1654.0,0.0026505408452033113
1655.0,0.0026507704303190853
1656.0,0.0026509998822139527
1657.0,0.002651229201039634
1658.0,0.0026514583869475953
1659.0,0.0026516874400890466
1660.0,0.002651916360614947
1661.0,0.0026521451486759997
1662.0,0.0026523738044226587
1663.0,0.0026526023280051235
1664.0,0.0026528307195733416
1665.0,0.002653058979277013
1666.0,0.0026532871072655843
1667.0,0.0026535151036882546
1668.0,0.0026537429686939707
1669.0,0.002653970702431434
1670.0,0.0026541983050490958
1671.0,0.0026544257766951615
1672.0,0.002654653117517588
1673.0,0.002654880327664086
1674.0,0.002655107407282121
1675.0,0.0026553343565189117
1676.0,0.002655561175521434
1677.0,0.002655787864436418
1678.0,0.00265601442341035
1679.0,0.002656240852589473
1680.0,0.0026564671521197886
1681.0,0.002656693322147055
1682.0,0.002656919362816788
1683.0,0.0026571452742742644
1684.0,0.002657371056664518
1685.0,0.002657596710132345
1686.0,0.0026578222348223003
1687.0,0.0026580476308786997
1688.0,0.002658272898445621
1689.0,0.0026584980376669035
1690.0,0.0026587230486861506
1691.0,0.002658947931646727
1692.0,0.0026591726866917608
1693.0,0.002659397313964145
1694.0,0.002659621813606537
1695.0,0.00265984618576136
1696.0,0.0026600704305708004
1697.0,0.0026602945481768135
1698.0,0.0026605185387211195
1699.0,0.0026607424023452056
1700.0,0.002660966139190328
1701.0,0.002661189749397509
1702.0,0.002661413233107541
1703.0,0.0026616365904609854
1704.0,0.0026618598215981727
1705.0,0.002662082926659203
1706.0,0.0026623059057839485
1707.0,0.0026625287591120514
1708.0,0.0026627514867829244
1709.0,0.002662974088935755
1710.0,0.002663196565709501
1711.0,0.0026634189172428935
1712.0,0.0026636411436744382
1713.0,0.0026638632451424144
1714.0,0.0026640852217848753
1715.0,0.0026643070737396492
1716.0,0.0026645288011443407
1717.0,0.0026647504041363286
1718.0,0.0026649718828527704
1719.0,0.002665193237430599
1720.0,0.002665414468006525
1721.0,0.0026656355747170365
1722.0,0.0026658565576984012
1723.0,0.002666077417086663
1724.0,0.002666298153017648
1725.0,0.0026665187656269617
1726.0,0.0026667392550499868
1727.0,0.002666959621421889
1728.0,0.0026671798648776166
1729.0,0.002667399985551896
1730.0,0.0026676199835792384
1731.0,0.002667839859093936
1732.0,0.0026680596122300652
1733.0,0.0026682792431214847
1734.0,0.0026684987519018386
1735.0,0.0026687181387045535
1736.0,0.0026689374036628416
1737.0,0.0026691565469097013
1738.0,0.002669375568577916
1739.0,0.0026695944688000543
1740.0,0.002669813247708473
1741.0,0.002670031905435316
1742.0,0.0026702504421125136
1743.0,0.002670468857871785
1744.0,0.002670687152844637
1745.0,0.0026709053271623665
1746.0,0.0026711233809560584
1747.0,0.002671341314356589
1748.0,0.0026715591274946234
1749.0,0.002671776820500617
1750.0,0.002671994393504818
1751.0,0.0026722118466372662
1752.0,0.002672429180027791
1753.0,0.002672646393806016
1754.0,0.0026728634881013572
1755.0,0.0026730804630430245
1756.0,0.0026732973187600217
1757.0,0.002673514055381145
1758.0,0.0026737306730349876
1759.0,0.002673947171849935
1760.0,0.0026741635519541705
1761.0,0.0026743798134756724
1762.0,0.0026745959565422153
1763.0,0.0026748119812813704
1764.0,0.0026750278878205063
1765.0,0.00267524367628679
1766.0,0.002675459346807184
1767.0,0.002675674899508451
1768.0,0.0026758903345171538
1769.0,0.002676105651959652
1770.0,0.0026763208519621057
1771.0,0.0026765359346504762
1772.0,0.0026767509001505243
1773.0,0.002676965748587812
1774.0,0.0026771804800877017
1775.0,0.0026773950947753594
1776.0,0.0026776095927757517
1777.0,0.002677823974213649
1778.0,0.002678038239213624
1779.0,0.0026782523879000514
1780.0,0.0026784664203971134
1781.0,0.0026786803368287933
1782.0,0.00267889413731888
1783.0,0.002679107821990967
1784.0,0.0026793213909684544
1785.0,0.0026795348443745463
1786.0,0.0026797481823322557
1787.0,0.002679961404964399
1788.0,0.002680174512393602
1789.0,0.0026803875047422977
1790.0,0.0026806003821327256
1791.0,0.002680813144686935
1792.0,0.0026810257925267826
1793.0,0.002681238325773935
1794.0,0.0026814507445498672
1795.0,0.002681663048975866
1796.0,0.002681875239173026
1797.0,0.002682087315262253
1798.0,0.002682299277364266
1799.0,0.002682511125599592
1800.0,0.0026827228600885726
1801.0,0.0026829344809513587
1802.0,0.0026831459883079173
1803.0,0.0026833573822780247
1804.0,0.002683568662981273
1805.0,0.0026837798305370674
1806.0,0.002683990885064626
1807.0,0.002684201826682983
1808.0,0.002684412655510986
1809.0,0.002684623371667299
1810.0,0.002684833975270401
1811.0,0.0026850444664385867
1812.0,0.002685254845289967
1813.0,0.0026854651119424715
1814.0,0.0026856752665138438
1815.0,0.0026858853091216474
1816.0,0.0026860952398832616
1817.0,0.002686305058915885
1818.0,0.002686514766336537
1819.0,0.0026867243622620517
1820.0,0.0026869338468090845
1821.0,0.0026871432200941104
1822.0,0.0026873524822334256
1823.0,0.002687561633343145
1824.0,0.002687770673539205
1825.0,0.0026879796029373624
1826.0,0.0026881884216531965
1827.0,0.0026883971298021087
1828.0,0.0026886057274993214
1829.0,0.0026888142148598798
1830.0,0.002689022591998653
1831.0,0.0026892308590303325
1832.0,0.002689439016069434
1833.0,0.0026896470632302967
1834.0,0.0026898550006270853
1835.0,0.0026900628283737867
1836.0,0.0026902705465842165
1837.0,0.0026904781553720118
1838.0,0.002690685654850639
1839.0,0.002690893045133388
1840.0,0.002691100326333377
1841.0,0.0026913074985635507
1842.0,0.002691514561936679
1843.0,0.0026917215165653623
1844.0,0.002691928362562027
1845.0,0.0026921351000389277
1846.0,0.0026923417291081484
1847.0,0.0026925482498816027
1848.0,0.0026927546624710315
1849.0,0.002692960966988006
1850.0,0.002693167163543928
1851.0,0.0026933732522500292
1852.0,0.0026935792332173714
1853.0,0.002693785106556848
1854.0,0.0026939908723791844
1855.0,0.002694196530794936
1856.0,0.0026944020819144915
1857.0,0.00269460752584807
1858.0,0.002694812862705725
1859.0,0.0026950180925973447
1860.0,0.0026952232156326455
1861.0,0.0026954282319211825
1862.0,0.0026956331415723413
1863.0,0.0026958379446953445
1864.0,0.002696042641399247
1865.0,0.002696247231792941
1866.0,0.002696451715985151
1867.0,0.00269665609408444
1868.0,0.0026968603661992057
1869.0,0.002697064532437682
1870.0,0.002697268592907939
1871.0,0.002697472547717885
1872.0,0.0026976763969752647
1873.0,0.0026978801407876608
1874.0,0.002698083779262493
1875.0,0.00269828731250702
1876.0,0.0026984907406283395
1877.0,0.002698694063733386
1878.0,0.002698897281928936
1879.0,0.0026991003953216034
1880.0,0.0026993034040178427
1881.0,0.0026995063081239486
1882.0,0.0026997091077460554
1883.0,0.0026999118029901402
1884.0,0.002700114393962019
1885.0,0.0027003168807673496
1886.0,0.002700519263511632
1887.0,0.0027007215423002088
1888.0,0.002700923717238263
1889.0,0.0027011257884308228
1890.0,0.002701327755982757
1891.0,0.00270152961999878
1892.0,0.002701731380583447
1893.0,0.0027019330378411587
1894.0,0.0027021345918761606
1895.0,0.0027023360427925413
1896.0,0.002702537390694234
1897.0,0.002702738635685019
1898.0,0.0027029397778685197
1899.0,0.002703140817348207
1900.0,0.0027033417542273964
1901.0,0.0027035425886092505
1902.0,0.0027037433205967785
1903.0,0.0027039439502928356
1904.0,0.0027041444778001266
1905.0,0.0027043449032212005
1906.0,0.002704545226658456
1907.0,0.00270474544821414
1908.0,0.0027049455679903473
1909.0,0.002705145586089021
1910.0,0.0027053455026119547
1911.0,0.0027055453176607893
1912.0,0.002705745031337017
1913.0,0.0027059446437419795
1914.0,0.002706144154976866
1915.0,0.0027063435651427203
1916.0,0.0027065428743404357
1917.0,0.0027067420826707533
1918.0,0.0027069411902342706
1919.0,0.0027071401971314334
1920.0,0.0027073391034625393
1921.0,0.0027075379093277406
1922.0,0.0027077366148270388
1923.0,0.00270793522006029
1924.0,0.0027081337251272054
1925.0,0.002708332130127344
1926.0,0.0027085304351601243
1927.0,0.0027087286403248145
1928.0,0.00270892674572054
1929.0,0.002709124751446278
1930.0,0.0027093226576008615
1931.0,0.0027095204642829792
1932.0,0.002709718171591175
1933.0,0.0027099157796238475
1934.0,0.0027101132884792514
1935.0,0.0027103106982554986
1936.0,0.002710508009050556
1937.0,0.002710705220962247
1938.0,0.0027109023340882543
1939.0,0.002711099348526115
1940.0,0.002711296264373225
1941.0,0.0027114930817268394
1942.0,0.0027116898006840687
1943.0,0.0027118864213418825
1944.0,0.002712082943797111
1945.0,0.002712279368146441
1946.0,0.002712475694486419
1947.0,0.0027126719229134517
1948.0,0.0027128680535238032
1949.0,0.002713064086413602
1950.0,0.0027132600216788322
1951.0,0.0027134558594153406
1952.0,0.002713651599718836
1953.0,0.002713847242684884
1954.0,0.002714042788408916
1955.0,0.0027142382369862226
1956.0,0.0027144335885119575
1957.0,0.002714628843081135
1958.0,0.0027148240007886324
1959.0,0.00271501906172919
1960.0,0.002715214025997411
1961.0,0.00271540889368776
1962.0,0.0027156036648945687
1963.0,0.0027157983397120286
1964.0,0.002715992918234198
1965.0,0.0027161874005549955
1966.0,0.00271638178676821
1967.0,0.0027165760769674893
1968.0,0.0027167702712463495
1969.0,0.0027169643696981715
1970.0,0.0027171583724162
1971.0,0.0027173522794935487
1972.0,0.002717546091023194
1973.0,0.002717739807097979
1974.0,0.002717933427810614
1975.0,0.0027181269532536773
1976.0,0.002718320383519612
1977.0,0.00271851371870073
1978.0,0.0027187069588892093
1979.0,0.0027189001041770964
1980.0,0.0027190931546563065
1981.0,0.002719286110418622
1982.0,0.0027194789715556935
1983.0,0.0027196717381590416
1984.0,0.002719864410320055
1985.0,0.0027200569881299912
1986.0,0.002720249471679979
1987.0,0.002720441861061015
1988.0,0.002720634156363966
1989.0,0.0027208263576795695
1990.0,0.002721018465098435
1991.0,0.0027212104787110386
1992.0,0.002721402398607732
1993.0,0.0027215942248787358
1994.0,0.0027217859576141408
1995.0,0.002721977596903911
1996.0,0.0027221691428378843
1997.0,0.002722360595505766
1998.0,0.002722551954997137
1999.0,0.002722743221401451
2000.0,0.0027229343948080333
