Lattice parameter (Å) for Pt, Potential energy (eV) for Pt, Lattice parameter linspace (Å) for Pt, Fitted energy (eV) curve for Pt, Lattice parameter (Å) for min E_pot for  Pt, Minimum E_pot (eV) for Pt
3.9160000000000004, -6.4140836591958275, 3.9160000000000004, -6.414373899911283, 3.9696210812541937, -6.434230743237066
3.926, -6.421157375795608, 3.9161000000000006, -6.414447894429998, , 
3.936, -6.426637279353213, 3.9162000000000003, -6.414521750824704, , 
3.9459999999999997, -6.430595050067062, 3.9163000000000006, -6.414595469095417, , 
3.9559999999999995, -6.433076835487077, 3.9164000000000003, -6.414669049242136, , 
3.9659999999999993, -6.434137831629026, 3.9165000000000005, -6.414742491264846, , 
3.975999999999999, -6.433781464481935, 3.9166000000000003, -6.414815795163577, , 
3.985999999999999, -6.432173513108343, 3.9167000000000005, -6.414888960938299, , 
3.9959999999999987, -6.4292439464018205, 3.9168000000000003, -6.414961988589027, , 
4.0059999999999985, -6.4250510682756765, 3.9169000000000005, -6.415034878115762, , 
4.015999999999998, -6.419635874731973, 3.9170000000000003, -6.415107629518488, , 
, , 3.9171000000000005, -6.415180242797234, , 
, , 3.9172000000000002, -6.415252717951972, , 
, , 3.9173000000000004, -6.415325054982716, , 
, , 3.9174, -6.415397253889452, , 
, , 3.9175000000000004, -6.415469314672208, , 
, , 3.9176, -6.415541237330956, , 
, , 3.9177000000000004, -6.41561302186571, , 
, , 3.9178, -6.415684668276469, , 
, , 3.9179000000000004, -6.415756176563221, , 
, , 3.918, -6.415827546725993, , 
, , 3.9181000000000004, -6.415898778764756, , 
, , 3.9182, -6.415969872679526, , 
, , 3.9183000000000003, -6.416040828470301, , 
, , 3.9184, -6.416111646137068, , 
, , 3.9185000000000003, -6.416182325679856, , 
, , 3.9186000000000005, -6.416252867098635, , 
, , 3.9187000000000003, -6.416323270393406, , 
, , 3.9188000000000005, -6.416393535564197, , 
, , 3.9189000000000003, -6.416463662610994, , 
, , 3.9190000000000005, -6.416533651533783, , 
, , 3.9191000000000003, -6.416603502332578, , 
, , 3.9192000000000005, -6.416673215007378, , 
, , 3.9193000000000002, -6.416742789558171, , 
, , 3.9194000000000004, -6.416812225984984, , 
, , 3.9195, -6.416881524287788, , 
, , 3.9196000000000004, -6.416950684466599, , 
, , 3.9197, -6.417019706521387, , 
, , 3.9198000000000004, -6.417088590452224, , 
, , 3.9199, -6.417157336259024, , 
, , 3.9200000000000004, -6.417225943941858, , 
, , 3.9201, -6.41729441350067, , 
, , 3.9202000000000004, -6.417362744935517, , 
, , 3.9203, -6.417430938246326, , 
, , 3.9204000000000003, -6.417498993433156, , 
, , 3.9205, -6.417566910495992, , 
, , 3.9206000000000003, -6.417634689434834, , 
, , 3.9207, -6.417702330249682, , 
, , 3.9208000000000003, -6.417769832940522, , 
, , 3.9209, -6.417837197507367, , 
, , 3.9210000000000003, -6.417904423950219, , 
, , 3.9211000000000005, -6.417971512269077, , 
, , 3.9212000000000002, -6.418038462463926, , 
, , 3.9213000000000005, -6.4181052745347955, , 
, , 3.9214, -6.418171948481657, , 
, , 3.9215000000000004, -6.41823848430451, , 
, , 3.9216, -6.418304882003383, , 
, , 3.9217000000000004, -6.4183711415782625, , 
, , 3.9218, -6.4184372630291335, , 
, , 3.9219000000000004, -6.4185032463560105, , 
, , 3.922, -6.4185690915588935, , 
, , 3.9221000000000004, -6.418634798637768, , 
, , 3.9222, -6.418700367592649, , 
, , 3.9223000000000003, -6.41876579842355, , 
, , 3.9224, -6.4188310911304285, , 
, , 3.9225000000000003, -6.418896245713327, , 
, , 3.9226, -6.418961262172232, , 
, , 3.9227000000000003, -6.419026140507128, , 
, , 3.9228, -6.419090880718031, , 
, , 3.9229000000000003, -6.419155482804939, , 
, , 3.923, -6.419219946767839, , 
, , 3.9231000000000003, -6.41928427260676, , 
, , 3.9232, -6.419348460321672, , 
, , 3.9233000000000002, -6.41941250991259, , 
, , 3.9234, -6.419476421379514, , 
, , 3.9235, -6.41954019472243, , 
, , 3.9236000000000004, -6.419603829941352, , 
, , 3.9237, -6.419667327036294, , 
, , 3.9238000000000004, -6.419730686007213, , 
, , 3.9239, -6.419793906854153, , 
, , 3.9240000000000004, -6.419856989577099, , 
, , 3.9241, -6.419919934176036, , 
, , 3.9242000000000004, -6.41998274065098, , 
, , 3.9243, -6.420045409001929, , 
, , 3.9244000000000003, -6.4201079392288705, , 
, , 3.9245, -6.420170331331832, , 
, , 3.9246000000000003, -6.420232585310785, , 
, , 3.9247, -6.420294701165744, , 
, , 3.9248000000000003, -6.4203566788967095, , 
, , 3.9249, -6.420418518503666, , 
, , 3.9250000000000003, -6.420480219986629, , 
, , 3.9251, -6.420541783345612, , 
, , 3.9252000000000002, -6.420603208580573, , 
, , 3.9253, -6.420664495691554, , 
, , 3.9254000000000002, -6.420725644678541, , 
, , 3.9255, -6.420786655541519, , 
, , 3.9256, -6.420847528280504, , 
, , 3.9257, -6.4209082628954945, , 
, , 3.9258, -6.420968859386477, , 
, , 3.9259, -6.421029317753479, , 
, , 3.926, -6.421089637996474, , 
, , 3.9261000000000004, -6.421149820115474, , 
, , 3.9262, -6.421209864110466, , 
, , 3.9263000000000003, -6.421269769981478, , 
, , 3.9264, -6.421329537728482, , 
, , 3.9265000000000003, -6.421389167351492, , 
, , 3.9266, -6.421448658850508, , 
, , 3.9267000000000003, -6.42150801222553, , 
, , 3.9268, -6.421567227476544, , 
, , 3.9269000000000003, -6.4216263046035635, , 
, , 3.927, -6.421685243606589, , 
, , 3.9271000000000003, -6.421744044485621, , 
, , 3.9272, -6.4218027072406585, , 
, , 3.9273000000000002, -6.421861231871688, , 
, , 3.9274, -6.421919618378723, , 
, , 3.9275, -6.421977866761765, , 
, , 3.9276, -6.422035977020812, , 
, , 3.9277, -6.422093949155851, , 
, , 3.9278, -6.42215178316691, , 
, , 3.9279, -6.4222094790539614, , 
, , 3.928, -6.4222670368170185, , 
, , 3.9281, -6.422324456456067, , 
, , 3.9282, -6.422381737971136, , 
, , 3.9283, -6.422438881362197, , 
, , 3.9284, -6.422495886629264, , 
, , 3.9285, -6.422552753772337, , 
, , 3.9286000000000003, -6.422609482791401, , 
, , 3.9287, -6.422666073686472, , 
, , 3.9288000000000003, -6.422722526457562, , 
, , 3.9289, -6.422778841104645, , 
, , 3.9290000000000003, -6.422835017627719, , 
, , 3.9291, -6.422891056026813, , 
, , 3.9292000000000002, -6.4229469563018995, , 
, , 3.9293, -6.423002718452992, , 
, , 3.9294000000000002, -6.42305834248009, , 
, , 3.9295, -6.42311382838318, , 
, , 3.9296, -6.42316917616229, , 
, , 3.9297, -6.423224385817392, , 
, , 3.9298, -6.4232794573484995, , 
, , 3.9299, -6.423334390755613, , 
, , 3.93, -6.423389186038719, , 
, , 3.9301, -6.423443843197845, , 
, , 3.9302, -6.423498362232962, , 
, , 3.9303, -6.423552743144086, , 
, , 3.9304, -6.423606985931201, , 
, , 3.9305, -6.4236610905943365, , 
, , 3.9306, -6.423715057133464, , 
, , 3.9307, -6.423768885548597, , 
, , 3.9308, -6.423822575839736, , 
, , 3.9309, -6.4238761280068815, , 
, , 3.931, -6.423929542050018, , 
, , 3.9311000000000003, -6.423982817969161, , 
, , 3.9312, -6.42403595576431, , 
, , 3.9313000000000002, -6.424088955435465, , 
, , 3.9314, -6.424141816982612, , 
, , 3.9315, -6.424194540405779, , 
, , 3.9316, -6.424247125704937, , 
, , 3.9317, -6.424299572880102, , 
, , 3.9318, -6.424351881931258, , 
, , 3.9319, -6.424404052858435, , 
, , 3.932, -6.424456085661603, , 
, , 3.9321, -6.424507980340778, , 
, , 3.9322, -6.424559736895958, , 
, , 3.9323, -6.42461135532713, , 
, , 3.9324, -6.424662835634322, , 
, , 3.9325, -6.424714177817506, , 
, , 3.9326, -6.424765381876696, , 
, , 3.9327, -6.424816447811892, , 
, , 3.9328, -6.42486737562308, , 
, , 3.9329, -6.424918165310274, , 
, , 3.933, -6.4249688168734735, , 
, , 3.9331, -6.425019330312679, , 
, , 3.9332, -6.425069705627877, , 
, , 3.9333, -6.425119942819094, , 
, , 3.9334, -6.425170041886304, , 
, , 3.9335, -6.425220002829533, , 
, , 3.9336, -6.425269825648741, , 
, , 3.9337, -6.425319510343954, , 
, , 3.9338, -6.425369056915187, , 
, , 3.9339, -6.425418465362412, , 
, , 3.934, -6.425467735685643, , 
, , 3.9341, -6.425516867884866, , 
, , 3.9342, -6.4255658619601235, , 
, , 3.9343, -6.425614717911344, , 
, , 3.9344, -6.425663435738585, , 
, , 3.9345, -6.425712015441832, , 
, , 3.9346, -6.42576045702107, , 
, , 3.9347, -6.425808760476329, , 
, , 3.9348, -6.4258569258075795, , 
, , 3.9349, -6.425904953014836, , 
, , 3.935, -6.4259528420980985, , 
, , 3.9351, -6.426000593057353, , 
, , 3.9352, -6.426048205892627, , 
, , 3.9353, -6.426095680603893, , 
, , 3.9354, -6.4261430171911655, , 
, , 3.9354999999999998, -6.426190215654444, , 
, , 3.9356, -6.426237275993714, , 
, , 3.9356999999999998, -6.4262841982089896, , 
, , 3.9358, -6.426330982300271, , 
, , 3.9358999999999997, -6.426377628267559, , 
, , 3.936, -6.426424136110853, , 
, , 3.9361, -6.426470505830139, , 
, , 3.9362, -6.42651673742543, , 
, , 3.9363, -6.426562830896728, , 
, , 3.9364, -6.4266087862440315, , 
, , 3.9365, -6.426654603467341, , 
, , 3.9366, -6.426700282566642, , 
, , 3.9367, -6.42674582354195, , 
, , 3.9368, -6.426791226393263, , 
, , 3.9369, -6.426836491120582, , 
, , 3.937, -6.426881617723893, , 
, , 3.9371, -6.42692660620321, , 
, , 3.9372, -6.426971456558533, , 
, , 3.9373, -6.427016168789862, , 
, , 3.9374, -6.427060742897197, , 
, , 3.9375, -6.427105178880524, , 
, , 3.9375999999999998, -6.427149476739871, , 
, , 3.9377, -6.427193636475195, , 
, , 3.9377999999999997, -6.42723765808654, , 
, , 3.9379, -6.42728154157389, , 
, , 3.9379999999999997, -6.427325286937233, , 
, , 3.9381, -6.427368894176581, , 
, , 3.9381999999999997, -6.4274123632919355, , 
, , 3.9383, -6.427455694283296, , 
, , 3.9383999999999997, -6.427498887150648, , 
, , 3.9385, -6.427541941894006, , 
, , 3.9386, -6.42758485851337, , 
, , 3.9387, -6.42762763700874, , 
, , 3.9388, -6.427670277380116, , 
, , 3.9389, -6.427712779627484, , 
, , 3.939, -6.427755143750858, , 
, , 3.9391, -6.4277973697502375, , 
, , 3.9392, -6.427839457625623, , 
, , 3.9393, -6.427881407377015, , 
, , 3.9394, -6.4279232190043984, , 
, , 3.9395, -6.427964892507788, , 
, , 3.9396, -6.428006427887183, , 
, , 3.9396999999999998, -6.428047825142571, , 
, , 3.9398, -6.428089084273978, , 
, , 3.9398999999999997, -6.428130205281377, , 
, , 3.94, -6.428171188164782, , 
, , 3.9400999999999997, -6.428212032924193, , 
, , 3.9402, -6.428252739559596, , 
, , 3.9402999999999997, -6.428293308071019, , 
, , 3.9404, -6.428333738458434, , 
, , 3.9404999999999997, -6.428374030721855, , 
, , 3.9406, -6.428414184861282, , 
, , 3.9406999999999996, -6.4284542008767005, , 
, , 3.9408, -6.428494078768125, , 
, , 3.9408999999999996, -6.42853381853557, , 
, , 3.941, -6.428573420178992, , 
, , 3.9411, -6.428612883698435, , 
, , 3.9412, -6.428652209093869, , 
, , 3.9413, -6.428691396365323, , 
, , 3.9414, -6.42873044551277, , 
, , 3.9415, -6.428769356536208, , 
, , 3.9415999999999998, -6.428808129435666, , 
, , 3.9417, -6.428846764211116, , 
, , 3.9417999999999997, -6.428885260862572, , 
, , 3.9419, -6.428923619390034, , 
, , 3.9419999999999997, -6.4289618397935016, , 
, , 3.9421, -6.428999922072975, , 
, , 3.9421999999999997, -6.429037866228441, , 
, , 3.9423, -6.429075672259913, , 
, , 3.9423999999999997, -6.42911334016739, , 
, , 3.9425, -6.42915086995086, , 
, , 3.9425999999999997, -6.429188261610349, , 
, , 3.9427, -6.429225515145831, , 
, , 3.9427999999999996, -6.429262630557318, , 
, , 3.9429, -6.429299607844811, , 
, , 3.9429999999999996, -6.429336447008296, , 
, , 3.9431, -6.429373148047802, , 
, , 3.9431999999999996, -6.429409710963299, , 
, , 3.9433, -6.429446135754802, , 
, , 3.9433999999999996, -6.429482422422296, , 
, , 3.9435, -6.429518570965811, , 
, , 3.9436, -6.429554581385318, , 
, , 3.9436999999999998, -6.429590453680831, , 
, , 3.9438, -6.4296261878523495, , 
, , 3.9438999999999997, -6.429661783899874, , 
, , 3.944, -6.429697241823391, , 
, , 3.9440999999999997, -6.429732561622913, , 
, , 3.9442, -6.4297677432984415, , 
, , 3.9442999999999997, -6.429802786849976, , 
, , 3.9444, -6.429837692277502, , 
, , 3.9444999999999997, -6.429872459581048, , 
, , 3.9446, -6.4299070887605865, , 
, , 3.9446999999999997, -6.429941579816131, , 
, , 3.9448, -6.429975932747666, , 
, , 3.9448999999999996, -6.4300101475552225, , 
, , 3.945, -6.43004422423877, , 
, , 3.9450999999999996, -6.430078162798324, , 
, , 3.9452, -6.430111963233884, , 
, , 3.9452999999999996, -6.43014562554545, , 
, , 3.9454, -6.430179149733007, , 
, , 3.9454999999999996, -6.430212535796571, , 
, , 3.9455999999999998, -6.43024578373614, , 
, , 3.9456999999999995, -6.430278893551716, , 
, , 3.9457999999999998, -6.430311865243283, , 
, , 3.9458999999999995, -6.43034469881087, , 
, , 3.9459999999999997, -6.4303773942544495, , 
, , 3.9461, -6.4304099515740205, , 
, , 3.9461999999999997, -6.430442370769612, , 
, , 3.9463, -6.430474651841209, , 
, , 3.9463999999999997, -6.430506794788798, , 
, , 3.9465, -6.430538799612393, , 
, , 3.9465999999999997, -6.4305706663119935, , 
, , 3.9467, -6.430602394887586, , 
, , 3.9467999999999996, -6.430633985339185, , 
, , 3.9469, -6.4306654376668035, , 
, , 3.9469999999999996, -6.4306967518704, , 
, , 3.9471, -6.4307279279500165, , 
, , 3.9471999999999996, -6.430758965905625, , 
, , 3.9473, -6.430789865737253, , 
, , 3.9473999999999996, -6.430820627444859, , 
, , 3.9475, -6.430851251028486, , 
, , 3.9475999999999996, -6.430881736488118, , 
, , 3.9476999999999998, -6.430912083823742, , 
, , 3.9477999999999995, -6.430942293035372, , 
, , 3.9478999999999997, -6.430972364123008, , 
, , 3.9479999999999995, -6.43100229708665, , 
, , 3.9480999999999997, -6.431032091926298, , 
, , 3.9481999999999995, -6.4310617486419375, , 
, , 3.9482999999999997, -6.431091267233583, , 
, , 3.9483999999999995, -6.431120647701235, , 
, , 3.9484999999999997, -6.4311498900448925, , 
, , 3.9486, -6.431178994264542, , 
, , 3.9486999999999997, -6.4312079603602115, , 
, , 3.9488, -6.431236788331873, , 
, , 3.9488999999999996, -6.43126547817954, , 
, , 3.949, -6.431294029903199, , 
, , 3.9490999999999996, -6.431322443502879, , 
, , 3.9492, -6.43135071897855, , 
, , 3.9492999999999996, -6.431378856330227, , 
, , 3.9494, -6.43140685555791, , 
, , 3.9494999999999996, -6.431434716661585, , 
, , 3.9495999999999998, -6.431462439641265, , 
, , 3.9496999999999995, -6.431490024496966, , 
, , 3.9497999999999998, -6.431517471228645, , 
, , 3.9498999999999995, -6.431544779836344, , 
, , 3.9499999999999997, -6.431571950320048, , 
, , 3.9500999999999995, -6.431598982679745, , 
, , 3.9501999999999997, -6.431625876915447, , 
, , 3.9502999999999995, -6.431652633027156, , 
, , 3.9503999999999997, -6.431679251014856, , 
, , 3.9504999999999995, -6.431705730878576, , 
, , 3.9505999999999997, -6.4317320726182885, , 
, , 3.9506999999999994, -6.431758276234007, , 
, , 3.9507999999999996, -6.431784341725731, , 
, , 3.9508999999999994, -6.431810269093447, , 
, , 3.9509999999999996, -6.431836058337183, , 
, , 3.9511, -6.431861709456911, , 
, , 3.9511999999999996, -6.431887222452644, , 
, , 3.9513, -6.43191259732437, , 
, , 3.9513999999999996, -6.431937834072116, , 
, , 3.9515, -6.431962932695853, , 
, , 3.9515999999999996, -6.431987893195597, , 
, , 3.9516999999999998, -6.4320127155713465, , 
, , 3.9517999999999995, -6.432037399823088, , 
, , 3.9518999999999997, -6.432061945950849, , 
, , 3.9519999999999995, -6.4320863539546025, , 
, , 3.9520999999999997, -6.432110623834362, , 
, , 3.9521999999999995, -6.432134755590127, , 
, , 3.9522999999999997, -6.432158749221884, , 
, , 3.9523999999999995, -6.432182604729661, , 
, , 3.9524999999999997, -6.43220632211343, , 
, , 3.9525999999999994, -6.432229901373205, , 
, , 3.9526999999999997, -6.432253342508972, , 
, , 3.9527999999999994, -6.4322766455207585, , 
, , 3.9528999999999996, -6.432299810408537, , 
, , 3.9529999999999994, -6.432322837172322, , 
, , 3.9530999999999996, -6.432345725812112, , 
, , 3.9531999999999994, -6.432368476327895, , 
, , 3.9532999999999996, -6.432391088719697, , 
, , 3.9533999999999994, -6.432413562987492, , 
, , 3.9534999999999996, -6.432435899131292, , 
, , 3.9536, -6.432458097151084, , 
, , 3.9536999999999995, -6.432480157046896, , 
, , 3.9537999999999998, -6.4325020788187, , 
, , 3.9538999999999995, -6.43252386246651, , 
, , 3.9539999999999997, -6.432545507990326, , 
, , 3.9540999999999995, -6.432567015390148, , 
, , 3.9541999999999997, -6.432588384665962, , 
, , 3.9542999999999995, -6.432609615817782, , 
, , 3.9543999999999997, -6.432630708845608, , 
, , 3.9544999999999995, -6.432651663749439, , 
, , 3.9545999999999997, -6.432672480529277, , 
, , 3.9546999999999994, -6.432693159185106, , 
, , 3.9547999999999996, -6.432713699716942, , 
, , 3.9548999999999994, -6.432734102124783, , 
, , 3.9549999999999996, -6.432754366408631, , 
, , 3.9550999999999994, -6.432774492568484, , 
, , 3.9551999999999996, -6.432794480604329, , 
, , 3.9552999999999994, -6.43281433051618, , 
, , 3.9553999999999996, -6.432834042304037, , 
, , 3.9554999999999993, -6.432853615967886, , 
, , 3.9555999999999996, -6.432873051507755, , 
, , 3.9556999999999993, -6.432892348923616, , 
, , 3.9557999999999995, -6.432911508215483, , 
, , 3.9558999999999993, -6.432930529383356, , 
, , 3.9559999999999995, -6.43294941242722, , 
, , 3.9560999999999997, -6.432968157347105, , 
, , 3.9561999999999995, -6.432986764142981, , 
, , 3.9562999999999997, -6.433005232814864, , 
, , 3.9563999999999995, -6.433023563362738, , 
, , 3.9564999999999997, -6.433041755786633, , 
, , 3.9565999999999995, -6.433059810086519, , 
, , 3.9566999999999997, -6.433077726262411, , 
, , 3.9567999999999994, -6.433095504314309, , 
, , 3.9568999999999996, -6.433113144242213, , 
, , 3.9569999999999994, -6.433130646046109, , 
, , 3.9570999999999996, -6.433148009726011, , 
, , 3.9571999999999994, -6.433165235281919, , 
, , 3.9572999999999996, -6.433182322713833, , 
, , 3.9573999999999994, -6.433199272021739, , 
, , 3.9574999999999996, -6.433216083205664, , 
, , 3.9575999999999993, -6.433232756265582, , 
, , 3.9576999999999996, -6.433249291201506, , 
, , 3.9577999999999993, -6.433265688013421, , 
, , 3.9578999999999995, -6.4332819467013564, , 
, , 3.9579999999999993, -6.433298067265284, , 
, , 3.9580999999999995, -6.433314049705217, , 
, , 3.9581999999999993, -6.433329894021156, , 
, , 3.9582999999999995, -6.4333456002131015, , 
, , 3.9583999999999993, -6.4333611682810385, , 
, , 3.9584999999999995, -6.4333765982249815, , 
, , 3.9585999999999997, -6.4333918900449305, , 
, , 3.9586999999999994, -6.4334070437408855, , 
, , 3.9587999999999997, -6.433422059312832, , 
, , 3.9588999999999994, -6.433436936760799, , 
, , 3.9589999999999996, -6.433451676084758, , 
, , 3.9590999999999994, -6.433466277284722, , 
, , 3.9591999999999996, -6.433480740360679, , 
, , 3.9592999999999994, -6.4334950653126555, , 
, , 3.9593999999999996, -6.433509252140624, , 
, , 3.9594999999999994, -6.433523300844598, , 
, , 3.9595999999999996, -6.433537211424579, , 
, , 3.9596999999999993, -6.433550983880565, , 
, , 3.9597999999999995, -6.433564618212543, , 
, , 3.9598999999999993, -6.433578114420527, , 
, , 3.9599999999999995, -6.433591472504517, , 
, , 3.9600999999999993, -6.433604692464499, , 
, , 3.9601999999999995, -6.433617774300501, , 
, , 3.9602999999999993, -6.433630718012495, , 
, , 3.9603999999999995, -6.433643523600509, , 
, , 3.9604999999999992, -6.4336561910645, , 
, , 3.9605999999999995, -6.433668720404512, , 
, , 3.960699999999999, -6.4336811116205155, , 
, , 3.9607999999999994, -6.433693364712525, , 
, , 3.960899999999999, -6.43370547968054, , 
, , 3.9609999999999994, -6.433717456524562, , 
, , 3.9610999999999996, -6.433729295244589, , 
, , 3.9611999999999994, -6.433740995840594, , 
, , 3.9612999999999996, -6.433752558312634, , 
, , 3.9613999999999994, -6.433763982660665, , 
, , 3.9614999999999996, -6.433775268884688, , 
, , 3.9615999999999993, -6.433786416984731, , 
, , 3.9616999999999996, -6.433797426960766, , 
, , 3.9617999999999993, -6.4338082988128065, , 
, , 3.9618999999999995, -6.433819032540853, , 
, , 3.9619999999999993, -6.433829628144906, , 
, , 3.9620999999999995, -6.433840085624951, , 
, , 3.9621999999999993, -6.433850404981001, , 
, , 3.9622999999999995, -6.433860586213058, , 
, , 3.9623999999999993, -6.43387062932112, , 
, , 3.9624999999999995, -6.433880534305189, , 
, , 3.9625999999999992, -6.433890301165249, , 
, , 3.9626999999999994, -6.433899929901315, , 
, , 3.962799999999999, -6.4339094205133875, , 
, , 3.9628999999999994, -6.433918773001466, , 
, , 3.962999999999999, -6.433927987365536, , 
, , 3.9630999999999994, -6.433937063605612, , 
, , 3.963199999999999, -6.433946001721708, , 
, , 3.9632999999999994, -6.4339548017137815, , 
, , 3.963399999999999, -6.433963463581875, , 
, , 3.9634999999999994, -6.433971987325961, , 
, , 3.9635999999999996, -6.433980372946053, , 
, , 3.9636999999999993, -6.433988620442165, , 
, , 3.9637999999999995, -6.433996729814254, , 
, , 3.9638999999999993, -6.4340047010623636, , 
, , 3.9639999999999995, -6.434012534186465, , 
, , 3.9640999999999993, -6.434020229186572, , 
, , 3.9641999999999995, -6.4340277860626855, , 
, , 3.9642999999999993, -6.434035204814805, , 
, , 3.9643999999999995, -6.434042485442916, , 
, , 3.9644999999999992, -6.434049627947047, , 
, , 3.9645999999999995, -6.43405663232717, , 
, , 3.9646999999999992, -6.434063498583285, , 
, , 3.9647999999999994, -6.43407022671542, , 
, , 3.964899999999999, -6.434076816723547, , 
, , 3.9649999999999994, -6.434083268607694, , 
, , 3.965099999999999, -6.434089582367832, , 
, , 3.9651999999999994, -6.434095758003963, , 
, , 3.965299999999999, -6.4341017955161135, , 
, , 3.9653999999999994, -6.434107694904256, , 
, , 3.965499999999999, -6.434113456168404, , 
, , 3.9655999999999993, -6.434119079308559, , 
, , 3.965699999999999, -6.434124564324719, , 
, , 3.9657999999999993, -6.434129911216871, , 
, , 3.965899999999999, -6.434135119985044, , 
, , 3.9659999999999993, -6.434140190629208, , 
, , 3.9660999999999995, -6.434145123149364, , 
, , 3.9661999999999993, -6.43414991754554, , 
, , 3.9662999999999995, -6.4341545738177075, , 
, , 3.9663999999999993, -6.4341590919658955, , 
, , 3.9664999999999995, -6.434163471990061, , 
, , 3.9665999999999992, -6.434167713890247, , 
, , 3.9666999999999994, -6.434171817666439, , 
, , 3.966799999999999, -6.434175783318622, , 
, , 3.9668999999999994, -6.434179610846812, , 
, , 3.966999999999999, -6.434183300251007, , 
, , 3.9670999999999994, -6.434186851531209, , 
, , 3.967199999999999, -6.434190264687402, , 
, , 3.9672999999999994, -6.434193539719601, , 
, , 3.967399999999999, -6.434196676627806, , 
, , 3.9674999999999994, -6.434199675412017, , 
, , 3.967599999999999, -6.434202536072235, , 
, , 3.9676999999999993, -6.4342052586084435, , 
, , 3.967799999999999, -6.434207843020658, , 
, , 3.9678999999999993, -6.434210289308879, , 
, , 3.967999999999999, -6.434212597473106, , 
, , 3.9680999999999993, -6.434214767513325, , 
, , 3.968199999999999, -6.434216799429564, , 
, , 3.9682999999999993, -6.434218693221794, , 
, , 3.968399999999999, -6.434220448890031, , 
, , 3.9684999999999993, -6.434222066434259, , 
, , 3.9685999999999995, -6.434223545854508, , 
, , 3.9686999999999992, -6.434224887150748, , 
, , 3.9687999999999994, -6.434226090322994, , 
, , 3.968899999999999, -6.4342271553712465, , 
, , 3.9689999999999994, -6.4342280822954905, , 
, , 3.969099999999999, -6.434228871095755, , 
, , 3.9691999999999994, -6.434229521772011, , 
, , 3.969299999999999, -6.434230034324273, , 
, , 3.9693999999999994, -6.434230408752526, , 
, , 3.969499999999999, -6.4342306450568, , 
, , 3.9695999999999994, -6.434230743237066, , 
, , 3.969699999999999, -6.434230703293338, , 
, , 3.9697999999999993, -6.434230525225615, , 
, , 3.969899999999999, -6.434230209033899, , 
, , 3.9699999999999993, -6.434229754718174, , 
, , 3.970099999999999, -6.434229162278456, , 
, , 3.9701999999999993, -6.434228431714743, , 
, , 3.970299999999999, -6.4342275630270365, , 
, , 3.9703999999999993, -6.434226556215322, , 
, , 3.970499999999999, -6.434225411279627, , 
, , 3.9705999999999992, -6.434224128219924, , 
, , 3.970699999999999, -6.434222707036227, , 
, , 3.970799999999999, -6.434221147728536, , 
, , 3.970899999999999, -6.434219450296837, , 
, , 3.970999999999999, -6.434217614741144, , 
, , 3.9710999999999994, -6.434215641061456, , 
, , 3.971199999999999, -6.434213529257775, , 
, , 3.9712999999999994, -6.4342112793301, , 
, , 3.971399999999999, -6.434208891278416, , 
, , 3.9714999999999994, -6.434206365102739, , 
, , 3.971599999999999, -6.434203700803067, , 
, , 3.9716999999999993, -6.434200898379402, , 
, , 3.971799999999999, -6.434197957831742, , 
, , 3.9718999999999993, -6.434194879160074, , 
, , 3.971999999999999, -6.434191662364412, , 
, , 3.9720999999999993, -6.434188307444757, , 
, , 3.972199999999999, -6.434184814401107, , 
, , 3.9722999999999993, -6.434181183233449, , 
, , 3.972399999999999, -6.434177413941796, , 
, , 3.9724999999999993, -6.43417350652615, , 
, , 3.972599999999999, -6.43416946098651, , 
, , 3.9726999999999992, -6.434165277322876, , 
, , 3.972799999999999, -6.4341609555352335, , 
, , 3.972899999999999, -6.434156495623597, , 
, , 3.972999999999999, -6.434151897587967, , 
, , 3.973099999999999, -6.434147161428342, , 
, , 3.973199999999999, -6.434142287144709, , 
, , 3.973299999999999, -6.434137274737097, , 
, , 3.973399999999999, -6.434132124205462, , 
, , 3.973499999999999, -6.434126835549861, , 
, , 3.9735999999999994, -6.434121408770238, , 
, , 3.973699999999999, -6.4341158438666355, , 
, , 3.9737999999999993, -6.434110140839024, , 
, , 3.973899999999999, -6.434104299687405, , 
, , 3.9739999999999993, -6.43409832041182, , 
, , 3.974099999999999, -6.434092203012199, , 
, , 3.9741999999999993, -6.434085947488626, , 
, , 3.974299999999999, -6.434079553841016, , 
, , 3.9743999999999993, -6.434073022069441, , 
, , 3.974499999999999, -6.4340663521738435, , 
, , 3.9745999999999992, -6.434059544154252, , 
, , 3.974699999999999, -6.434052598010666, , 
, , 3.9747999999999992, -6.4340455137430865, , 
, , 3.974899999999999, -6.434038291351513, , 
, , 3.974999999999999, -6.434030930835945, , 
, , 3.975099999999999, -6.434023432196369, , 
, , 3.975199999999999, -6.434015795432813, , 
, , 3.975299999999999, -6.4340080205452495, , 
, , 3.975399999999999, -6.434000107533677, , 
, , 3.975499999999999, -6.433992056398125, , 
, , 3.975599999999999, -6.433983867138565, , 
, , 3.975699999999999, -6.433975539755025, , 
, , 3.975799999999999, -6.433967074247462, , 
, , 3.975899999999999, -6.43395847061592, , 
, , 3.975999999999999, -6.433949728860384, , 
, , 3.9760999999999993, -6.433940848980839, , 
, , 3.976199999999999, -6.433931830977301, , 
, , 3.9762999999999993, -6.433922674849768, , 
, , 3.976399999999999, -6.433913380598227, , 
, , 3.9764999999999993, -6.4339039482227065, , 
, , 3.976599999999999, -6.433894377723178, , 
, , 3.9766999999999992, -6.433884669099655, , 
, , 3.976799999999999, -6.433874822352138, , 
, , 3.976899999999999, -6.433864837480613, , 
, , 3.976999999999999, -6.433854714485108, , 
, , 3.977099999999999, -6.4338444533655945, , 
, , 3.977199999999999, -6.433834054122087, , 
, , 3.977299999999999, -6.433823516754572, , 
, , 3.977399999999999, -6.433812841263077, , 
, , 3.977499999999999, -6.433802027647573, , 
, , 3.977599999999999, -6.433791075908076, , 
, , 3.977699999999999, -6.433779986044584, , 
, , 3.977799999999999, -6.433768758057099, , 
, , 3.977899999999999, -6.433757391945605, , 
, , 3.977999999999999, -6.433745887710117, , 
, , 3.978099999999999, -6.433734245350635, , 
, , 3.978199999999999, -6.433722464867159, , 
, , 3.978299999999999, -6.4337105462596895, , 
, , 3.978399999999999, -6.433698489528211, , 
, , 3.978499999999999, -6.433686294672739, , 
, , 3.9785999999999992, -6.433673961693273, , 
, , 3.978699999999999, -6.433661490589813, , 
, , 3.9787999999999992, -6.433648881362345, , 
, , 3.978899999999999, -6.433636134010882, , 
, , 3.978999999999999, -6.433623248535426, , 
, , 3.979099999999999, -6.4336102249359755, , 
, , 3.979199999999999, -6.433597063212531, , 
, , 3.979299999999999, -6.433583763365078, , 
, , 3.979399999999999, -6.433570325393632, , 
, , 3.979499999999999, -6.433556749298191, , 
, , 3.979599999999999, -6.433543035078756, , 
, , 3.979699999999999, -6.433529182735313, , 
, , 3.979799999999999, -6.43351519226789, , 
, , 3.979899999999999, -6.433501063676459, , 
, , 3.979999999999999, -6.433486796961034, , 
, , 3.980099999999999, -6.433472392121601, , 
, , 3.980199999999999, -6.433457849158188, , 
, , 3.980299999999999, -6.433443168070767, , 
, , 3.980399999999999, -6.433428348859351, , 
, , 3.980499999999999, -6.433413391523942, , 
, , 3.980599999999999, -6.433398296064524, , 
, , 3.980699999999999, -6.433383062481127, , 
, , 3.980799999999999, -6.433367690773721, , 
, , 3.9808999999999988, -6.433352180942322, , 
, , 3.980999999999999, -6.433336532986928, , 
, , 3.9810999999999988, -6.433320746907526, , 
, , 3.981199999999999, -6.43330482270413, , 
, , 3.981299999999999, -6.433288760376755, , 
, , 3.981399999999999, -6.433272559925356, , 
, , 3.981499999999999, -6.433256221349978, , 
, , 3.981599999999999, -6.433239744650606, , 
, , 3.981699999999999, -6.433223129827226, , 
, , 3.981799999999999, -6.433206376879852, , 
, , 3.981899999999999, -6.4331894858084695, , 
, , 3.981999999999999, -6.433172456613107, , 
, , 3.982099999999999, -6.433155289293737, , 
, , 3.982199999999999, -6.433137983850386, , 
, , 3.982299999999999, -6.433120540283014, , 
, , 3.982399999999999, -6.433102958591661, , 
, , 3.982499999999999, -6.433085238776314, , 
, , 3.982599999999999, -6.43306738083696, , 
, , 3.982699999999999, -6.433049384773611, , 
, , 3.982799999999999, -6.433031250586268, , 
, , 3.982899999999999, -6.433012978274931, , 
, , 3.9829999999999988, -6.432994567839586, , 
, , 3.983099999999999, -6.432976019280247, , 
, , 3.9831999999999987, -6.432957332596914, , 
, , 3.983299999999999, -6.432938507789586, , 
, , 3.9833999999999987, -6.432919544858265, , 
, , 3.983499999999999, -6.432900443802936, , 
, , 3.983599999999999, -6.432881204623612, , 
, , 3.983699999999999, -6.432861827320295, , 
, , 3.983799999999999, -6.432842311892983, , 
, , 3.983899999999999, -6.432822658341664, , 
, , 3.983999999999999, -6.43280286666635, , 
, , 3.984099999999999, -6.432782936867042, , 
, , 3.984199999999999, -6.43276286894374, , 
, , 3.984299999999999, -6.432742662896445, , 
, , 3.984399999999999, -6.4327223187251406, , 
, , 3.984499999999999, -6.4327018364298425, , 
, , 3.984599999999999, -6.43268121601055, , 
, , 3.984699999999999, -6.432660457467264, , 
, , 3.984799999999999, -6.432639560799984, , 
, , 3.9848999999999988, -6.432618526008696, , 
, , 3.984999999999999, -6.4325973530934135, , 
, , 3.9850999999999988, -6.432576042054137, , 
, , 3.985199999999999, -6.432554592890867, , 
, , 3.9852999999999987, -6.432533005603588, , 
, , 3.985399999999999, -6.432511280192315, , 
, , 3.9854999999999987, -6.432489416657063, , 
, , 3.985599999999999, -6.432467414997788, , 
, , 3.9856999999999987, -6.432445275214533, , 
, , 3.985799999999999, -6.43242299730727, , 
, , 3.9858999999999987, -6.432400581276028, , 
, , 3.985999999999999, -6.4323780271207625, , 
, , 3.9860999999999986, -6.4323553348415174, , 
, , 3.986199999999999, -6.432332504438278, , 
, , 3.986299999999999, -6.432309535911031, , 
, , 3.986399999999999, -6.43228642925979, , 
, , 3.986499999999999, -6.432263184484555, , 
, , 3.986599999999999, -6.432239801585325, , 
, , 3.986699999999999, -6.432216280562088, , 
, , 3.986799999999999, -6.432192621414856, , 
, , 3.986899999999999, -6.432168824143631, , 
, , 3.9869999999999988, -6.432144888748411, , 
, , 3.987099999999999, -6.432120815229197, , 
, , 3.9871999999999987, -6.432096603585961, , 
, , 3.987299999999999, -6.43207225381876, , 
, , 3.9873999999999987, -6.4320477659275355, , 
, , 3.987499999999999, -6.432023139912346, , 
, , 3.9875999999999987, -6.431998375773134, , 
, , 3.987699999999999, -6.431973473509927, , 
, , 3.9877999999999987, -6.431948433122727, , 
, , 3.987899999999999, -6.431923254611533, , 
, , 3.9879999999999987, -6.431897937976331, , 
, , 3.988099999999999, -6.431872483217148, , 
, , 3.9881999999999986, -6.431846890333958, , 
, , 3.988299999999999, -6.431821159326773, , 
, , 3.9883999999999986, -6.431795290195595, , 
, , 3.988499999999999, -6.431769282940408, , 
, , 3.988599999999999, -6.4317431375612415, , 
, , 3.988699999999999, -6.431716854058067, , 
, , 3.988799999999999, -6.431690432430898, , 
, , 3.988899999999999, -6.431663872679735, , 
, , 3.988999999999999, -6.431637174804564, , 
, , 3.9890999999999988, -6.431610338805399, , 
, , 3.989199999999999, -6.43158336468224, , 
, , 3.9892999999999987, -6.431556252435087, , 
, , 3.989399999999999, -6.4315290020639395, , 
, , 3.9894999999999987, -6.431501613568784, , 
, , 3.989599999999999, -6.431474086949649, , 
, , 3.9896999999999987, -6.4314464222065055, , 
, , 3.989799999999999, -6.431418619339354, , 
, , 3.9898999999999987, -6.431390678348222, , 
, , 3.989999999999999, -6.431362599233083, , 
, , 3.9900999999999986, -6.431334381993949, , 
, , 3.990199999999999, -6.431306026630821, , 
, , 3.9902999999999986, -6.4312775331436995, , 
, , 3.990399999999999, -6.43124890153257, , 
, , 3.9904999999999986, -6.43122013179746, , 
, , 3.990599999999999, -6.431191223938342, , 
, , 3.9906999999999986, -6.43116217795523, , 
, , 3.990799999999999, -6.431132993848109, , 
, , 3.9908999999999986, -6.431103671617009, , 
, , 3.9909999999999988, -6.431074211261901, , 
, , 3.9910999999999985, -6.431044612782799, , 
, , 3.9911999999999987, -6.431014876179702, , 
, , 3.991299999999999, -6.430985001452598, , 
, , 3.9913999999999987, -6.430954988601499, , 
, , 3.991499999999999, -6.430924837626421, , 
, , 3.9915999999999987, -6.430894548527334, , 
, , 3.991699999999999, -6.430864121304239, , 
, , 3.9917999999999987, -6.4308335559571645, , 
, , 3.991899999999999, -6.430802852486082, , 
, , 3.9919999999999987, -6.430772010891005, , 
, , 3.992099999999999, -6.430741031171934, , 
, , 3.9921999999999986, -6.4307099133288546, , 
, , 3.992299999999999, -6.430678657361796, , 
, , 3.9923999999999986, -6.430647263270728, , 
, , 3.992499999999999, -6.430615731055667, , 
, , 3.9925999999999986, -6.430584060716612, , 
, , 3.992699999999999, -6.430552252253548, , 
, , 3.9927999999999986, -6.430520305666505, , 
, , 3.992899999999999, -6.4304882209554535, , 
, , 3.9929999999999986, -6.430455998120408, , 
, , 3.9930999999999988, -6.430423637161354, , 
, , 3.9931999999999985, -6.4303911380783205, , 
, , 3.9932999999999987, -6.430358500871279, , 
, , 3.9933999999999985, -6.430325725540243, , 
, , 3.9934999999999987, -6.430292812085213, , 
, , 3.993599999999999, -6.430259760506175, , 
, , 3.9936999999999987, -6.430226570803157, , 
, , 3.993799999999999, -6.430193242976131, , 
, , 3.9938999999999987, -6.430159777025111, , 
, , 3.993999999999999, -6.430126172950082, , 
, , 3.9940999999999987, -6.430092430751074, , 
, , 3.994199999999999, -6.430058550428058, , 
, , 3.9942999999999986, -6.430024531981047, , 
, , 3.994399999999999, -6.429990375410043, , 
, , 3.9944999999999986, -6.429956080715044, , 
, , 3.994599999999999, -6.4299216478960375, , 
, , 3.9946999999999986, -6.429887076953051, , 
, , 3.994799999999999, -6.429852367886056, , 
, , 3.9948999999999986, -6.429817520695053, , 
, , 3.9949999999999988, -6.42978253538007, , 
, , 3.9950999999999985, -6.429747411941079, , 
, , 3.9951999999999988, -6.4297121503781085, , 
, , 3.9952999999999985, -6.429676750691129, , 
, , 3.9953999999999987, -6.429641212880142, , 
, , 3.9954999999999985, -6.429605536945175, , 
, , 3.9955999999999987, -6.4295697228862, , 
, , 3.9956999999999985, -6.42953377070323, , 
, , 3.9957999999999987, -6.429497680396267, , 
, , 3.9958999999999985, -6.4294614519653095, , 
, , 3.9959999999999987, -6.429425085410344, , 
, , 3.9960999999999984, -6.429388580731384, , 
, , 3.9961999999999986, -6.4293519379284305, , 
, , 3.996299999999999, -6.429315157001483, , 
, , 3.9963999999999986, -6.429278237950541, , 
, , 3.996499999999999, -6.429241180775591, , 
, , 3.9965999999999986, -6.429203985476647, , 
, , 3.996699999999999, -6.429166652053709, , 
, , 3.9967999999999986, -6.429129180506777, , 
, , 3.996899999999999, -6.429091570835837, , 
, , 3.9969999999999986, -6.429053823040903, , 
, , 3.9970999999999988, -6.429015937121974, , 
, , 3.9971999999999985, -6.428977913079052, , 
, , 3.9972999999999987, -6.428939750912136, , 
, , 3.9973999999999985, -6.428901450621211, , 
, , 3.9974999999999987, -6.428863012206307, , 
, , 3.9975999999999985, -6.428824435667394, , 
, , 3.9976999999999987, -6.428785721004473, , 
, , 3.9977999999999985, -6.428746868217573, , 
, , 3.9978999999999987, -6.428707877306664, , 
, , 3.9979999999999984, -6.428668748271761, , 
, , 3.9980999999999987, -6.428629481112864, , 
, , 3.9981999999999984, -6.428590075829973, , 
, , 3.9982999999999986, -6.428550532423074, , 
, , 3.9983999999999984, -6.428510850892195, , 
, , 3.9984999999999986, -6.428471031237308, , 
, , 3.998599999999999, -6.4284310734584125, , 
, , 3.9986999999999986, -6.428390977555537, , 
, , 3.998799999999999, -6.428350743528654, , 
, , 3.9988999999999986, -6.4283103713777905, , 
, , 3.9989999999999988, -6.428269861102919, , 
, , 3.9990999999999985, -6.428229212704039, , 
, , 3.9991999999999988, -6.42818842618118, , 
, , 3.9992999999999985, -6.428147501534312, , 
, , 3.9993999999999987, -6.42810643876345, , 
, , 3.9994999999999985, -6.428065237868594, , 
, , 3.9995999999999987, -6.4280238988497445, , 
, , 3.9996999999999985, -6.427982421706886, , 
, , 3.9997999999999987, -6.4279408064400485, , 
, , 3.9998999999999985, -6.427899053049202, , 
, , 3.9999999999999987, -6.427857161534348, , 
, , 4.000099999999999, -6.427815131895514, , 
, , 4.000199999999999, -6.4277729641326715, , 
, , 4.000299999999998, -6.427730658245835, , 
, , 4.000399999999998, -6.427688214235005, , 
, , 4.000499999999999, -6.42764563210018, , 
, , 4.000599999999999, -6.427602911841362, , 
, , 4.000699999999998, -6.427560053458521, , 
, , 4.000799999999998, -6.4275170569517, , 
, , 4.000899999999999, -6.4274739223209, , 
, , 4.000999999999999, -6.427430649566077, , 
, , 4.001099999999998, -6.42738723868726, , 
, , 4.001199999999999, -6.427343689684463, , 
, , 4.001299999999999, -6.427300002557658, , 
, , 4.0013999999999985, -6.427256177306845, , 
, , 4.001499999999998, -6.4272122139320516, , 
, , 4.001599999999999, -6.4271681124332645, , 
, , 4.001699999999999, -6.427123872810455, , 
, , 4.0017999999999985, -6.427079495063666, , 
, , 4.001899999999998, -6.427034979192882, , 
, , 4.001999999999999, -6.426990325198105, , 
, , 4.002099999999999, -6.426945533079319, , 
, , 4.002199999999998, -6.42690060283654, , 
, , 4.002299999999998, -6.426855534469766, , 
, , 4.002399999999999, -6.426810327978984, , 
, , 4.002499999999999, -6.426764983364222, , 
, , 4.002599999999998, -6.4267195006254525, , 
, , 4.002699999999998, -6.426673879762689, , 
, , 4.002799999999999, -6.426628120775931, , 
, , 4.002899999999999, -6.426582223665164, , 
, , 4.002999999999998, -6.426536188430418, , 
, , 4.003099999999998, -6.426490015071664, , 
, , 4.003199999999999, -6.426443703588916, , 
, , 4.0032999999999985, -6.426397253982174, , 
, , 4.003399999999998, -6.426350666251423, , 
, , 4.003499999999999, -6.426303940396679, , 
, , 4.003599999999999, -6.42625707641794, , 
, , 4.0036999999999985, -6.4262100743152075, , 
, , 4.003799999999998, -6.426162934088481, , 
, , 4.003899999999999, -6.426115655737746, , 
, , 4.003999999999999, -6.426068239263017, , 
, , 4.004099999999998, -6.426020684664294, , 
, , 4.004199999999998, -6.425972991941578, , 
, , 4.004299999999999, -6.425925161094867, , 
, , 4.004399999999999, -6.4258771921241475, , 
, , 4.004499999999998, -6.425829085029434, , 
, , 4.004599999999998, -6.425780839810727, , 
, , 4.004699999999999, -6.425732456468026, , 
, , 4.004799999999999, -6.425683935001317, , 
, , 4.004899999999998, -6.425635275410627, , 
, , 4.004999999999998, -6.42558647769593, , 
, , 4.005099999999999, -6.425537541857224, , 
, , 4.0051999999999985, -6.425488467894539, , 
, , 4.005299999999998, -6.425439255807859, , 
, , 4.005399999999998, -6.4253899055971715, , 
, , 4.005499999999999, -6.42534041726249, , 
, , 4.0055999999999985, -6.4252907908038, , 
, , 4.005699999999998, -6.42524102622113, , 
, , 4.005799999999998, -6.425191123514452, , 
, , 4.005899999999999, -6.42514108268378, , 
, , 4.0059999999999985, -6.425090903729114, , 
, , 4.006099999999998, -6.425040586650454, , 
, , 4.006199999999999, -6.424990131447785, , 
, , 4.006299999999999, -6.424939538121137, , 
, , 4.006399999999998, -6.424888806670481, , 
, , 4.006499999999998, -6.42483793709583, , 
, , 4.006599999999999, -6.424786929397172, , 
, , 4.006699999999999, -6.424735783574519, , 
, , 4.006799999999998, -6.424684499627887, , 
, , 4.006899999999998, -6.424633077557246, , 
, , 4.006999999999999, -6.424581517362597, , 
, , 4.0070999999999986, -6.424529819043968, , 
, , 4.007199999999998, -6.424477982601331, , 
, , 4.007299999999998, -6.4244260080347, , 
, , 4.007399999999999, -6.424373895344075, , 
, , 4.0074999999999985, -6.424321644529456, , 
, , 4.007599999999998, -6.424269255590829, , 
, , 4.007699999999998, -6.424216728528222, , 
, , 4.007799999999999, -6.424164063341593, , 
, , 4.0078999999999985, -6.424111260030983, , 
, , 4.007999999999998, -6.42405831859638, , 
, , 4.008099999999998, -6.424005239037768, , 
, , 4.008199999999999, -6.423952021355163, , 
, , 4.008299999999998, -6.423898665548563, , 
, , 4.008399999999998, -6.42384517161797, , 
, , 4.008499999999998, -6.423791539563382, , 
, , 4.008599999999999, -6.423737769384786, , 
, , 4.008699999999998, -6.423683861082196, , 
, , 4.008799999999998, -6.423629814655612, , 
, , 4.008899999999999, -6.42357563010502, , 
, , 4.008999999999999, -6.423521307430448, , 
, , 4.009099999999998, -6.423466846631868, , 
, , 4.009199999999998, -6.423412247709294, , 
, , 4.009299999999999, -6.423357510662726, , 
, , 4.0093999999999985, -6.423302635492149, , 
, , 4.009499999999998, -6.423247622197593, , 
, , 4.009599999999998, -6.423192470779028, , 
, , 4.009699999999999, -6.42313718123647, , 
, , 4.0097999999999985, -6.423081753569917, , 
, , 4.009899999999998, -6.423026187779357, , 
, , 4.009999999999998, -6.422970483864816, , 
, , 4.010099999999999, -6.422914641826253, , 
, , 4.010199999999998, -6.42285866166371, , 
, , 4.010299999999998, -6.422802543377173, , 
, , 4.010399999999998, -6.4227462869666425, , 
, , 4.010499999999999, -6.422689892432103, , 
, , 4.010599999999998, -6.42263335977357, , 
, , 4.010699999999998, -6.422576688991029, , 
, , 4.010799999999998, -6.422519880084508, , 
, , 4.010899999999999, -6.422462933053978, , 
, , 4.010999999999998, -6.422405847899455, , 
, , 4.011099999999998, -6.422348624620938, , 
, , 4.011199999999999, -6.422291263218426, , 
, , 4.0112999999999985, -6.4222337636919065, , 
, , 4.011399999999998, -6.422176126041407, , 
, , 4.011499999999998, -6.422118350266899, , 
, , 4.011599999999999, -6.4220604363683975, , 
, , 4.0116999999999985, -6.4220023843458875, , 
, , 4.011799999999998, -6.421944194199398, , 
, , 4.011899999999998, -6.4218858659289, , 
, , 4.011999999999999, -6.421827399534408, , 
, , 4.0120999999999984, -6.421768795015922, , 
, , 4.012199999999998, -6.421710052373427, , 
, , 4.012299999999998, -6.421651171606953, , 
, , 4.012399999999999, -6.421592152716457, , 
, , 4.012499999999998, -6.42153299570198, , 
, , 4.012599999999998, -6.42147370056351, , 
, , 4.012699999999998, -6.421414267301046, , 
, , 4.012799999999999, -6.421354695914573, , 
, , 4.012899999999998, -6.4212949864041065, , 
, , 4.012999999999998, -6.421235138769646, , 
, , 4.013099999999998, -6.421175153011177, , 
, , 4.0131999999999985, -6.421115029128728, , 
, , 4.013299999999998, -6.421054767122271, , 
, , 4.013399999999998, -6.42099436699182, , 
, , 4.013499999999999, -6.420933828737361, , 
, , 4.0135999999999985, -6.420873152358922, , 
, , 4.013699999999998, -6.420812337856475, , 
, , 4.013799999999998, -6.420751385230034, , 
, , 4.013899999999999, -6.4206902944795985, , 
, , 4.0139999999999985, -6.420629065605169, , 
, , 4.014099999999998, -6.420567698606732, , 
, , 4.014199999999998, -6.4205061934843, , 
, , 4.014299999999999, -6.420444550237889, , 
, , 4.014399999999998, -6.420382768867469, , 
, , 4.014499999999998, -6.420320849373027, , 
, , 4.014599999999998, -6.42025879175462, , 
, , 4.014699999999999, -6.420196596012218, , 
, , 4.014799999999998, -6.420134262145794, , 
, , 4.014899999999998, -6.420071790155376, , 
, , 4.014999999999998, -6.420009180040978, , 
, , 4.015099999999999, -6.419946431802586, , 
, , 4.015199999999998, -6.419883545440172, , 
, , 4.015299999999998, -6.4198205209537775, , 
, , 4.015399999999998, -6.419757358343389, , 
, , 4.0154999999999985, -6.419694057608993, , 
, , 4.015599999999998, -6.419630618750617, , 
, , 4.015699999999998, -6.419567041768232, , 
, , 4.015799999999998, -6.4195033266618395, , 
, , 4.0158999999999985, -6.419439473431467, , 
, , 4.015999999999998, -6.419375482077086, , 
