Lattice parameter (Å) for Rh, Potential energy (eV) for Rh, Lattice parameter linspace (Å) for Rh, Fitted energy (eV) curve for Rh
3.5, -6.15172014652813, 3.6, -6.80705536441036
3.6, -6.796563247436346, 3.6004, -6.808675015369687
3.7, -7.153682072729276, 3.6008, -6.810292107230495
3.8, -7.296488263541849, 3.6012, -6.811906639992671
3.9, -7.2831675705210195, 3.6016, -6.813518613656328
4.0, -7.158547024167133, 3.602, -6.81512802822138
4.1, -6.95600632215212, 3.6024000000000003, -6.816734883687872
4.2, -6.70159762841346, 3.6028000000000002, -6.8183391800557445
4.3, -6.4146319612179, 3.6032, -6.819940917325084
4.4, -6.109767195195325, 3.6036, -6.821540095495806
4.5, -5.797651748618088, 3.604, -6.823136714568008
, , 3.6044, -6.824730774541564
, , 3.6048, -6.826322275416615
, , 3.6052, -6.827911217193048
, , 3.6056, -6.829497599870919
, , 3.606, -6.8310814234502
, , 3.6064000000000003, -6.8326626879309345
, , 3.6068000000000002, -6.83424139331305
, , 3.6072, -6.835817539596633
, , 3.6076, -6.837391126781583
, , 3.608, -6.838962154868014
, , 3.6084, -6.840530623855855
, , 3.6088, -6.8420965337451065
, , 3.6092, -6.843659884535782
, , 3.6096, -6.845220676227882
, , 3.61, -6.846778908821406
, , 3.6104000000000003, -6.848334582316369
, , 3.6108000000000002, -6.849887696712742
, , 3.6112, -6.851438252010539
, , 3.6116, -6.85298624820976
, , 3.612, -6.8545316853104055
, , 3.6124, -6.856074563312475
, , 3.6128, -6.8576148822159695
, , 3.6132, -6.859152642020874
, , 3.6136, -6.860687842727216
, , 3.614, -6.862220484335012
, , 3.6144000000000003, -6.863750566844175
, , 3.6148000000000002, -6.86527809025479
, , 3.6152, -6.86680305456683
, , 3.6156, -6.86832545978028
, , 3.616, -6.8698453058951685
, , 3.6164, -6.871362592911467
, , 3.6168, -6.87287732082919
, , 3.6172, -6.8743894896483795
, , 3.6176, -6.875899099368922
, , 3.618, -6.8774061499909465
, , 3.6184000000000003, -6.878910641514366
, , 3.6188000000000002, -6.880412573939211
, , 3.6192, -6.881911947265479
, , 3.6196, -6.8834087614932
, , 3.62, -6.884903016622289
, , 3.6204, -6.886394712652859
, , 3.6208, -6.887883849584796
, , 3.6212, -6.889370427418214
, , 3.6216, -6.890854446153
, , 3.622, -6.892335905789267
, , 3.6224000000000003, -6.893814806326915
, , 3.6228000000000002, -6.895291147766031
, , 3.6232, -6.8967649301064995
, , 3.6236, -6.8982361533484635
, , 3.624, -6.899704817491795
, , 3.6244, -6.901170922536593
, , 3.6248, -6.902634468482773
, , 3.6252, -6.90409545533042
, , 3.6256, -6.905553883079477
, , 3.626, -6.9070097517299445
, , 3.6264000000000003, -6.908463061281836
, , 3.6268000000000002, -6.90991381173518
, , 3.6272, -6.911362003089906
, , 3.6276, -6.912807635346098
, , 3.628, -6.914250708503658
, , 3.6284, -6.9156912225627
, , 3.6288, -6.917129177523151
, , 3.6292, -6.918564573385012
, , 3.6296, -6.919997410148298
, , 3.63, -6.921427687813008
, , 3.6304000000000003, -6.922855406379128
, , 3.6308000000000002, -6.924280565846715
, , 3.6312, -6.925703166215669
, , 3.6316, -6.927123207486105
, , 3.632, -6.928540689657936
, , 3.6324, -6.929955612731192
, , 3.6328, -6.931367976705857
, , 3.6332, -6.932777781581962
, , 3.6336, -6.93418502735949
, , 3.634, -6.935589714038429
, , 3.6344000000000003, -6.93699184161882
, , 3.6348000000000003, -6.938391410100621
, , 3.6352, -6.939788419483833
, , 3.6356, -6.9411828697684825
, , 3.636, -6.9425747609545425
, , 3.6364, -6.943964093042041
, , 3.6368, -6.9453508660309495
, , 3.6372, -6.946735079921282
, , 3.6376, -6.948116734713068
, , 3.638, -6.949495830406235
, , 3.6384, -6.950872367000869
, , 3.6388000000000003, -6.952246344496885
, , 3.6392, -6.953617762894339
, , 3.6396, -6.954986622193218
, , 3.64, -6.956352922393535
, , 3.6404, -6.957716663495262
, , 3.6408, -6.9590778454984275
, , 3.6412, -6.960436468402975
, , 3.6416, -6.961792532209003
, , 3.642, -6.963146036916399
, , 3.6424000000000003, -6.964496982525262
, , 3.6428000000000003, -6.965845369035534
, , 3.6432, -6.9671911964472315
, , 3.6436, -6.968534464760339
, , 3.644, -6.969875173974913
, , 3.6444, -6.971213324090854
, , 3.6448, -6.972548915108263
, , 3.6452, -6.973881947027053
, , 3.6456, -6.97521241984731
, , 3.646, -6.976540333568948
, , 3.6464, -6.977865688192054
, , 3.6468000000000003, -6.979188483716541
, , 3.6472, -6.98050872014251
, , 3.6476, -6.981826397469831
, , 3.648, -6.983141515698634
, , 3.6484, -6.984454074828804
, , 3.6488, -6.985764074860455
, , 3.6492, -6.987071515793517
, , 3.6496, -6.988376397627988
, , 3.65, -6.989678720363884
, , 3.6504, -6.990978484001204
, , 3.6508000000000003, -6.992275688539934
, , 3.6512000000000002, -6.993570333980131
, , 3.6516, -6.994862420321695
, , 3.652, -6.9961519475647265
, , 3.6524, -6.997438915709168
, , 3.6528, -6.998723324755034
, , 3.6532, -7.0000051747023235
, , 3.6536, -7.001284465551024
, , 3.654, -7.002561197301162
, , 3.6544, -7.003835369952725
, , 3.6548000000000003, -7.005106983505684
, , 3.6552000000000002, -7.006376037960123
, , 3.6556, -7.007642533315945
, , 3.656, -7.008906469573205
, , 3.6564, -7.010167846731875
, , 3.6568, -7.011426664791969
, , 3.6572, -7.012682923753502
, , 3.6576, -7.013936623616445
, , 3.658, -7.015187764380812
, , 3.6584, -7.0164363460466035
, , 3.6588000000000003, -7.017682368613848
, , 3.6592000000000002, -7.018925832082488
, , 3.6596, -7.020166736452552
, , 3.66, -7.0214050817240405
, , 3.6604, -7.022640867896953
, , 3.6608, -7.023874094971291
, , 3.6612, -7.02510476294708
, , 3.6616, -7.026332871824238
, , 3.662, -7.027558421602862
, , 3.6624, -7.028781412282868
, , 3.6628000000000003, -7.030001843864341
, , 3.6632000000000002, -7.031219716347223
, , 3.6636, -7.032435029731516
, , 3.664, -7.033647784017248
, , 3.6644, -7.034857979204418
, , 3.6648, -7.036065615292969
, , 3.6652, -7.037270692283002
, , 3.6656, -7.038473210174388
, , 3.666, -7.039673168967255
, , 3.6664, -7.040870568661504
, , 3.6668000000000003, -7.042065409257205
, , 3.6672000000000002, -7.043257690754331
, , 3.6676, -7.044447413152895
, , 3.668, -7.0456345764528265
, , 3.6684, -7.046819180654239
, , 3.6688, -7.0480012257570195
, , 3.6692, -7.049180711761281
, , 3.6696, -7.050357638666924
, , 3.67, -7.051532006474034
, , 3.6704, -7.052703815182539
, , 3.6708000000000003, -7.0538730647924694
, , 3.6712000000000002, -7.05503975530381
, , 3.6716, -7.056203886716602
, , 3.672, -7.057365459030777
, , 3.6724, -7.058524472246432
, , 3.6728, -7.0596809263634555
, , 3.6732, -7.060834821381945
, , 3.6736, -7.061986157301845
, , 3.674, -7.06313493412317
, , 3.6744, -7.064281151845904
, , 3.6748000000000003, -7.065424810470091
, , 3.6752000000000002, -7.066565909995646
, , 3.6756, -7.067704450422696
, , 3.676, -7.068840431751127
, , 3.6764, -7.069973853980997
, , 3.6768, -7.071104717112277
, , 3.6772, -7.0722330211449815
, , 3.6776, -7.07335876607911
, , 3.678, -7.074481951914677
, , 3.6784, -7.0756025786516545
, , 3.6788, -7.076720646290056
, , 3.6792000000000002, -7.077836154829896
, , 3.6796, -7.078949104271146
, , 3.68, -7.0800594946138204
, , 3.6804, -7.081167325857919
, , 3.6808, -7.082272598003442
, , 3.6812, -7.083375311050389
, , 3.6816, -7.084475464998761
, , 3.682, -7.0855730598485565
, , 3.6824, -7.086668095599791
, , 3.6828000000000003, -7.087760572252421
, , 3.6832000000000003, -7.0888504898064895
, , 3.6836, -7.089937848261982
, , 3.684, -7.091022647618885
, , 3.6844, -7.092104887877227
, , 3.6848, -7.093184569037007
, , 3.6852, -7.094261691098168
, , 3.6856, -7.095336254060797
, , 3.686, -7.096408257924807
, , 3.6864, -7.097477702690284
, , 3.6868, -7.098544588357129
, , 3.6872000000000003, -7.099608914925454
, , 3.6876, -7.100670682395176
, , 3.688, -7.10172989076635
, , 3.6884, -7.102786540038892
, , 3.6888, -7.103840630212915
, , 3.6892, -7.104892161288305
, , 3.6896, -7.105941133265176
, , 3.69, -7.106987546143429
, , 3.6904, -7.108031399923135
, , 3.6908, -7.109072694604251
, , 3.6912000000000003, -7.110111430186805
, , 3.6916, -7.111147606670741
, , 3.692, -7.112181224056158
, , 3.6924, -7.113212282342943
, , 3.6928, -7.114240781531194
, , 3.6932, -7.115266721620827
, , 3.6936, -7.116290102611941
, , 3.694, -7.117310924504437
, , 3.6944, -7.118329187298372
, , 3.6948, -7.119344890993716
, , 3.6952000000000003, -7.120358035590513
, , 3.6956, -7.121368621088678
, , 3.696, -7.122376647488338
, , 3.6964, -7.123382114789351
, , 3.6968, -7.124385022991845
, , 3.6972, -7.125385372095749
, , 3.6976, -7.126383162101064
, , 3.698, -7.1273783930078025
, , 3.6984, -7.1283710648159655
, , 3.6988, -7.129361177525553
, , 3.6992000000000003, -7.1303487311365785
, , 3.6996, -7.131333725649029
, , 3.7, -7.132316161062889
, , 3.7004, -7.133296037378159
, , 3.7008, -7.1342733545948676
, , 3.7012, -7.1352481127130005
, , 3.7016, -7.136220311732558
, , 3.702, -7.137189951653539
, , 3.7024, -7.138157032475945
, , 3.7028, -7.139121554199789
, , 3.7032000000000003, -7.14008351682503
, , 3.7036000000000002, -7.141042920351708
, , 3.704, -7.141999764779797
, , 3.7044, -7.142954050109324
, , 3.7048, -7.143905776340262
, , 3.7052, -7.144854943472637
, , 3.7056, -7.1458015515064375
, , 3.706, -7.146745600441662
, , 3.7064, -7.147687090278296
, , 3.7068, -7.148626021016355
, , 3.7072000000000003, -7.149562392655852
, , 3.7076000000000002, -7.1504962051967595
, , 3.708, -7.151427458639091
, , 3.7084, -7.152356152982861
, , 3.7088, -7.153282288228041
, , 3.7092, -7.154205864374646
, , 3.7096, -7.1551268814226745
, , 3.71, -7.1560453393721275
, , 3.7104, -7.156961238223005
, , 3.7108, -7.157874577975306
, , 3.7112000000000003, -7.158785358629032
, , 3.7116000000000002, -7.1596935801841965
, , 3.712, -7.160599242640771
, , 3.7124, -7.1615023459987555
, , 3.7128, -7.1624028902581784
, , 3.7132, -7.163300875419026
, , 3.7136, -7.164196301481283
, , 3.714, -7.165089168444979
, , 3.7144, -7.165979476310099
, , 3.7148, -7.166867225076643
, , 3.7152000000000003, -7.167752414744598
, , 3.7156000000000002, -7.168635045313991
, , 3.716, -7.169515116784794
, , 3.7164, -7.1703926291570355
, , 3.7168, -7.171267582430687
, , 3.7172, -7.172139976605763
, , 3.7176, -7.173009811682277
, , 3.718, -7.173877087660216
, , 3.7184, -7.174741804539565
, , 3.7188, -7.175603962320338
, , 3.7192, -7.176463561002535
, , 3.7196000000000002, -7.177320600586157
, , 3.72, -7.178175081071203
, , 3.7204, -7.179027002457687
, , 3.7208, -7.179876364745581
, , 3.7212, -7.1807231679349
, , 3.7216, -7.181567412025629
, , 3.722, -7.182409097017796
, , 3.7224, -7.183248222911388
, , 3.7228, -7.184084789706404
, , 3.7232000000000003, -7.184918797402844
, , 3.7236000000000002, -7.185750246000708
, , 3.724, -7.186579135499983
, , 3.7244, -7.187405465900696
, , 3.7248, -7.188229237202819
, , 3.7252, -7.1890504494063805
, , 3.7256, -7.189869102511352
, , 3.726, -7.190685196517762
, , 3.7264, -7.191498731425597
, , 3.7268, -7.192309707234841
, , 3.7272, -7.193118123945524
, , 3.7276000000000002, -7.193923981557617
, , 3.728, -7.194727280071135
, , 3.7284, -7.195528019486076
, , 3.7288, -7.196326199802442
, , 3.7292, -7.197121821020247
, , 3.7296, -7.197914883139461
, , 3.73, -7.1987053861601
, , 3.7304, -7.199493330082163
, , 3.7308, -7.20027871490565
, , 3.7312000000000003, -7.201061540630562
, , 3.7316000000000003, -7.201841807256898
, , 3.732, -7.202619514784644
, , 3.7324, -7.203394663213842
, , 3.7328, -7.204167252544451
, , 3.7332, -7.20493728277647
, , 3.7336, -7.205704753909927
, , 3.734, -7.206469665944809
, , 3.7344, -7.2072320188811005
, , 3.7348, -7.207991812718831
, , 3.7352, -7.208749047457985
, , 3.7356000000000003, -7.209503723098564
, , 3.736, -7.210255839640553
, , 3.7364, -7.211005397083966
, , 3.7368, -7.211752395428803
, , 3.7372, -7.212496834675079
, , 3.7376, -7.213238714822765
, , 3.738, -7.2139780358718895
, , 3.7384, -7.214714797822424
, , 3.7388, -7.215449000674383
, , 3.7392, -7.216180644427766
, , 3.7396000000000003, -7.216909729082573
, , 3.74, -7.217636254638805
, , 3.7404, -7.218360221096461
, , 3.7408, -7.219081628455541
, , 3.7412, -7.21980047671606
, , 3.7416, -7.2205167658779885
, , 3.742, -7.221230495941327
, , 3.7424, -7.221941666906105
, , 3.7428, -7.222650278772306
, , 3.7432, -7.223356331539918
, , 3.7436000000000003, -7.224059825208968
, , 3.744, -7.224760759779457
, , 3.7444, -7.2254591352513415
, , 3.7448, -7.226154951624665
, , 3.7452, -7.226848208899398
, , 3.7456, -7.227538907075555
, , 3.746, -7.228227046153151
, , 3.7464, -7.228912626132157
, , 3.7468, -7.229595647012587
, , 3.7472, -7.23027610879447
, , 3.7476000000000003, -7.230954011477749
, , 3.748, -7.231629355062452
, , 3.7484, -7.23230213954858
, , 3.7488, -7.232972364936131
, , 3.7492, -7.233640031225107
, , 3.7496, -7.2343051384155075
, , 3.75, -7.234967686507346
, , 3.7504, -7.235627675500595
, , 3.7508, -7.236285105395268
, , 3.7512, -7.2369399761913655
, , 3.7516, -7.237592287888873
, , 3.7520000000000002, -7.238242040487819
, , 3.7524, -7.238889233988189
, , 3.7528, -7.239533868389998
, , 3.7532, -7.2401759436932025
, , 3.7536, -7.240815459897846
, , 3.754, -7.241452417003899
, , 3.7544, -7.24208681501139
, , 3.7548, -7.242718653920292
, , 3.7552, -7.243347933730632
, , 3.7556000000000003, -7.243974654442383
, , 3.7560000000000002, -7.244598816055571
, , 3.7564, -7.2452204185701845
, , 3.7568, -7.245839461986208
, , 3.7572, -7.246455946303655
, , 3.7576, -7.247069871522527
, , 3.758, -7.247681237642837
, , 3.7584, -7.248290044664557
, , 3.7588, -7.248896292587716
, , 3.7592, -7.249499981412285
, , 3.7596, -7.250101111138278
, , 3.7600000000000002, -7.2506996817656955
, , 3.7604, -7.251295693294537
, , 3.7608, -7.251889145724789
, , 3.7612, -7.252480039056479
, , 3.7616, -7.253068373289594
, , 3.762, -7.253654148424147
, , 3.7624, -7.254237364460096
, , 3.7628, -7.254818021397483
, , 3.7632, -7.255396119236295
, , 3.7636000000000003, -7.2559716579765166
, , 3.7640000000000002, -7.256544637618177
, , 3.7644, -7.257115058161247
, , 3.7648, -7.25768291960577
, , 3.7652, -7.258248221951689
, , 3.7656, -7.2588109651990464
, , 3.766, -7.259371149347814
, , 3.7664, -7.259928774398006
, , 3.7668, -7.260483840349622
, , 3.7672, -7.261036347202676
, , 3.7676, -7.261586294957155
, , 3.7680000000000002, -7.262133683613044
, , 3.7684, -7.262678513170357
, , 3.7688, -7.2632207836290945
, , 3.7692, -7.263760494989256
, , 3.7696, -7.264297647250842
, , 3.77, -7.264832240413853
, , 3.7704, -7.265364274478287
, , 3.7708, -7.26589374944416
, , 3.7712, -7.266420665311443
, , 3.7716000000000003, -7.266945022080137
, , 3.7720000000000002, -7.267466819750268
, , 3.7724, -7.267986058321824
, , 3.7728, -7.26850273779479
, , 3.7732, -7.269016858169195
, , 3.7736, -7.269528419445038
, , 3.774, -7.270037421622277
, , 3.7744, -7.270543864700954
, , 3.7748, -7.271047748681042
, , 3.7752, -7.271549073562554
, , 3.7756, -7.272047839345504
, , 3.7760000000000002, -7.272544046029864
, , 3.7764, -7.273037693615649
, , 3.7768, -7.273528782102886
, , 3.7772, -7.274017311491519
, , 3.7776, -7.274503281781577
, , 3.778, -7.274986692973059
, , 3.7784, -7.275467545065965
, , 3.7788, -7.275945838060295
, , 3.7792, -7.27642157195605
, , 3.7796, -7.276894746753243
, , 3.7800000000000002, -7.277365362451846
, , 3.7804, -7.277833419051873
, , 3.7808, -7.278298916553325
, , 3.7812, -7.278761854956201
, , 3.7816, -7.279222234260487
, , 3.782, -7.279680054466212
, , 3.7824, -7.280135315573375
, , 3.7828, -7.280588017581934
, , 3.7832, -7.281038160491931
, , 3.7836, -7.281485744303353
, , 3.7840000000000003, -7.281930769016185
, , 3.7844, -7.282373234630455
, , 3.7848, -7.282813141146136
, , 3.7852, -7.28325048856324
, , 3.7856, -7.283685276881798
, , 3.786, -7.284117506101751
, , 3.7864, -7.284547176223128
, , 3.7868, -7.284974287245944
, , 3.7872, -7.2853988391701705
, , 3.7876, -7.285820831995821
, , 3.7880000000000003, -7.2862402657228955
, , 3.7884, -7.286657140351409
, , 3.7888, -7.287071455881332
, , 3.7892, -7.287483212312679
, , 3.7896, -7.287892409645451
, , 3.79, -7.288299047879647
, , 3.7904, -7.288703127015268
, , 3.7908, -7.289104647052312
, , 3.7912, -7.289503607990767
, , 3.7916, -7.289900009830674
, , 3.792, -7.290293852571992
, , 3.7924, -7.290685136214734
, , 3.7928, -7.291073860758885
, , 3.7932, -7.291460026204476
, , 3.7936, -7.291843632551476
, , 3.794, -7.292224679799915
, , 3.7944, -7.292603167949778
, , 3.7948, -7.292979097001066
, , 3.7952, -7.293352466953763
, , 3.7956, -7.293723277807885
, , 3.7960000000000003, -7.294091529563445
, , 3.7964, -7.294457222220416
, , 3.7968, -7.2948203557788105
, , 3.7972, -7.295180930238644
, , 3.7976, -7.295538945599901
, , 3.798, -7.295894401862569
, , 3.7984, -7.2962472990266605
, , 3.7988, -7.296597637092177
, , 3.7992, -7.296945416059117
, , 3.7996, -7.297290635927482
, , 3.8, -7.297633296697271
, , 3.8004000000000002, -7.297973398368484
, , 3.8008, -7.298310940941121
, , 3.8012, -7.298645924415183
, , 3.8016, -7.298978348790669
, , 3.802, -7.299308214067565
, , 3.8024, -7.2996355202459
, , 3.8028, -7.299960267325659
, , 3.8032, -7.300282455306842
, , 3.8036, -7.30060208418945
, , 3.8040000000000003, -7.300919153973467
, , 3.8044000000000002, -7.301233664658923
, , 3.8048, -7.3015456162457895
, , 3.8052, -7.301855008734094
, , 3.8056, -7.302161842123809
, , 3.806, -7.302466116414948
, , 3.8064, -7.302767831607525
, , 3.8068, -7.303066987701527
, , 3.8072, -7.303363584696939
, , 3.8076, -7.303657622593775
, , 3.808, -7.3039491013920355
, , 3.8084000000000002, -7.30423802109172
, , 3.8088, -7.304524381692829
, , 3.8092, -7.304808183195377
, , 3.8096, -7.305089425599334
, , 3.81, -7.305368108904716
, , 3.8104, -7.305644233111522
, , 3.8108, -7.3059177982197525
, , 3.8112, -7.306188804229393
, , 3.8116, -7.306457251140472
, , 3.8120000000000003, -7.306723138952989
, , 3.8124000000000002, -7.306986467666903
, , 3.8128, -7.307247237282255
, , 3.8132, -7.307505447799031
, , 3.8136, -7.307761099217217
, , 3.814, -7.3080141915368415
, , 3.8144, -7.308264724757876
, , 3.8148, -7.308512698880335
, , 3.8152, -7.308758113904247
, , 3.8156, -7.309000969829555
, , 3.816, -7.3092412666562865
, , 3.8164000000000002, -7.309479004384457
, , 3.8168, -7.309714183014037
, , 3.8172, -7.309946802545042
, , 3.8176, -7.310176862977471
, , 3.818, -7.3104043643113386
, , 3.8184, -7.310629306546616
, , 3.8188, -7.310851689683318
, , 3.8192, -7.311071513721444
, , 3.8196, -7.311288778660995
, , 3.82, -7.311503484501969
, , 3.8204000000000002, -7.311715631244368
, , 3.8208, -7.311925218888192
, , 3.8212, -7.312132247433439
, , 3.8216, -7.312336716880111
, , 3.822, -7.312538627228207
, , 3.8224, -7.312737978477713
, , 3.8228, -7.312934770628658
, , 3.8232, -7.313129003681027
, , 3.8236, -7.313320677634806
, , 3.824, -7.313509792490038
, , 3.8244000000000002, -7.3136963482466655
, , 3.8248, -7.313880344904717
, , 3.8252, -7.314061782464208
, , 3.8256, -7.314240660925108
, , 3.826, -7.314416980287433
, , 3.8264, -7.314590740551196
, , 3.8268, -7.314761941716384
, , 3.8272, -7.314930583782981
, , 3.8276, -7.315096666751003
, , 3.828, -7.3152601906204495
, , 3.8284000000000002, -7.31542115539132
, , 3.8288, -7.315579561063615
, , 3.8292, -7.315735407637334
, , 3.8296, -7.315888695112477
, , 3.83, -7.316039423489059
, , 3.8304, -7.316187592767051
, , 3.8308, -7.316333202946453
, , 3.8312, -7.316476254027293
, , 3.8316, -7.316616746009558
, , 3.832, -7.316754678893247
, , 3.8324, -7.316890052678346
, , 3.8328, -7.317022867364898
, , 3.8332, -7.3171531229528455
, , 3.8336, -7.317280819442232
, , 3.834, -7.317405956833028
, , 3.8344, -7.317528535125263
, , 3.8348, -7.317648554318907
, , 3.8352, -7.317766014413991
, , 3.8356, -7.317880915410484
, , 3.836, -7.317993257308416
, , 3.8364000000000003, -7.318103040107758
, , 3.8368, -7.318210263808524
, , 3.8372, -7.318314928410729
, , 3.8376, -7.3184170339143435
, , 3.838, -7.318516580319383
, , 3.8384, -7.318613567625846
, , 3.8388, -7.318707995833748
, , 3.8392, -7.31879986494306
, , 3.8396, -7.318889174953796
, , 3.84, -7.318975925865942
, , 3.8404, -7.319060117679527
, , 3.8408, -7.319141750394536
, , 3.8412, -7.319220824010969
, , 3.8416, -7.319297338528841
, , 3.842, -7.319371293948109
, , 3.8424, -7.319442690268815
, , 3.8428, -7.319511527490931
, , 3.8432, -7.319577805614486
, , 3.8436, -7.319641524639451
, , 3.844, -7.319702684565854
, , 3.8444000000000003, -7.3197612853936675
, , 3.8448, -7.319817327122934
, , 3.8452, -7.319870809753596
, , 3.8456, -7.319921733285682
, , 3.846, -7.319970097719207
, , 3.8464, -7.320015903054141
, , 3.8468, -7.3200591492905005
, , 3.8472, -7.320099836428284
, , 3.8476, -7.320137964467506
, , 3.848, -7.320173533408138
, , 3.8484, -7.320206543250194
, , 3.8488, -7.3202369939936744
, , 3.8492, -7.320264885638579
, , 3.8496, -7.320290218184908
, , 3.85, -7.320312991632662
, , 3.8504, -7.320333205981839
, , 3.8508, -7.320350861232441
, , 3.8512, -7.3203659573844675
, , 3.8516, -7.320378494437918
, , 3.852, -7.320388472392793
, , 3.8524000000000003, -7.320395891249078
, , 3.8528000000000002, -7.320400751006801
, , 3.8532, -7.320403051665934
, , 3.8536, -7.3204027932265205
, , 3.854, -7.3203999756885025
, , 3.8544, -7.320394599051923
, , 3.8548, -7.320386663316754
, , 3.8552, -7.320376168483008
, , 3.8556, -7.320363114550702
, , 3.856, -7.320347501519805
, , 3.8564, -7.320329329390333
, , 3.8568, -7.320308598162299
, , 3.8572, -7.320285307835675
, , 3.8576, -7.320259458410476
, , 3.858, -7.320231049886701
, , 3.8584, -7.32020008226435
, , 3.8588, -7.320166555543423
, , 3.8592, -7.320130469723921
, , 3.8596, -7.320091824805857
, , 3.86, -7.320050620789203
, , 3.8604000000000003, -7.320006857673974
, , 3.8608000000000002, -7.319960535460169
, , 3.8612, -7.319911654147774
, , 3.8616, -7.319860213736817
, , 3.862, -7.319806214227285
, , 3.8624, -7.319749655619177
, , 3.8628, -7.319690537912493
, , 3.8632, -7.319628861107219
, , 3.8636, -7.319564625203384
, , 3.864, -7.319497830200959
, , 3.8644, -7.319428476099972
, , 3.8648, -7.319356562900396
, , 3.8652, -7.319282090602243
, , 3.8656, -7.319205059205544
, , 3.866, -7.31912546871024
, , 3.8664, -7.319043319116361
, , 3.8668, -7.3189586104239055
, , 3.8672, -7.318871342632875
, , 3.8676, -7.318781515743268
, , 3.868, -7.318689129755086
, , 3.8684, -7.318594184668342
, , 3.8688000000000002, -7.318496680483008
, , 3.8692, -7.318396617199099
, , 3.8696, -7.318293994816614
, , 3.87, -7.318188813335553
, , 3.8704, -7.318081072755916
, , 3.8708, -7.31797077307769
, , 3.8712, -7.317857914300902
, , 3.8716, -7.317742496425552
, , 3.872, -7.3176245194515985
, , 3.8724, -7.317503983379083
, , 3.8728, -7.3173808882079925
, , 3.8732, -7.317255233938312
, , 3.8736, -7.317127020570069
, , 3.874, -7.316996248103237
, , 3.8744, -7.316862916537843
, , 3.8748, -7.316727025873874
, , 3.8752, -7.3165885761113145
, , 3.8756, -7.316447567250179
, , 3.876, -7.316303999290469
, , 3.8764, -7.316157872232196
, , 3.8768000000000002, -7.316009186075334
, , 3.8772, -7.31585794081991
, , 3.8776, -7.315704136465897
, , 3.878, -7.315547773013307
, , 3.8784, -7.315388850462142
, , 3.8788, -7.315227368812401
, , 3.8792, -7.315063328064085
, , 3.8796, -7.314896728217192
, , 3.88, -7.314727569271724
, , 3.8804, -7.314555851227681
, , 3.8808, -7.314381574085061
, , 3.8812, -7.314204737843866
, , 3.8816, -7.314025342504081
, , 3.882, -7.3138433880657345
, , 3.8824, -7.313658874528812
, , 3.8828, -7.3134718018933
, , 3.8832, -7.3132821701592405
, , 3.8836, -7.313089979326577
, , 3.884, -7.3128952293953375
, , 3.8844, -7.312697920365537
, , 3.8848000000000003, -7.312498052237146
, , 3.8852, -7.312295625010194
, , 3.8856, -7.312090638684651
, , 3.886, -7.311883093260533
, , 3.8864, -7.311672988737854
, , 3.8868, -7.311460325116585
, , 3.8872, -7.3112451023967395
, , 3.8876, -7.311027320578319
, , 3.888, -7.310806979661322
, , 3.8884, -7.31058407964575
, , 3.8888, -7.310358620531602
, , 3.8892, -7.310130602318893
, , 3.8896, -7.309900025007593
, , 3.89, -7.309666888597718
, , 3.8904, -7.309431193089267
, , 3.8908, -7.3091929384822265
, , 3.8912, -7.308952124776624
, , 3.8916, -7.308708751972446
, , 3.892, -7.308462820069693
, , 3.8924, -7.308214329068363
, , 3.8928000000000003, -7.307963278968444
, , 3.8932, -7.307709669769963
, , 3.8936, -7.307453501472892
, , 3.894, -7.30719477407726
, , 3.8944, -7.306933487583038
, , 3.8948, -7.30666964199024
, , 3.8952, -7.306403237298895
, , 3.8956, -7.306134273508945
, , 3.896, -7.30586275062042
, , 3.8964, -7.30558866863332
, , 3.8968, -7.305312027547657
, , 3.8971999999999998, -7.305032827363405
, , 3.8976, -7.304751068080577
, , 3.898, -7.304466749699188
, , 3.8984, -7.304179872219208
, , 3.8988, -7.303890435640653
, , 3.8992, -7.303598439963508
, , 3.8996, -7.303303885187802
, , 3.9, -7.30300677131352
, , 3.9004, -7.302707098340662
, , 3.9008000000000003, -7.302404866269228
, , 3.9012000000000002, -7.302100075099219
, , 3.9016, -7.301792724830634
, , 3.902, -7.301482815463459
, , 3.9024, -7.301170346997722
, , 3.9028, -7.30085531943341
, , 3.9032, -7.300537732770508
, , 3.9036, -7.30021758700903
, , 3.904, -7.299894882149005
, , 3.9044, -7.299569618190375
, , 3.9048, -7.2992417951331845
, , 3.9052, -7.298911412977404
, , 3.9056, -7.298578471723047
, , 3.906, -7.298242971370115
, , 3.9064, -7.297904911918607
, , 3.9068, -7.297564293368538
, , 3.9072, -7.297221115719893
, , 3.9076, -7.296875378972658
, , 3.908, -7.296527083126847
, , 3.9084, -7.2961762281824605
, , 3.9088, -7.295822814139484
, , 3.9092000000000002, -7.295466840997946
, , 3.9096, -7.295108308757833
, , 3.91, -7.294747217419157
, , 3.9104, -7.294383566981892
, , 3.9108, -7.294017357446037
, , 3.9112, -7.293648588811621
, , 3.9116, -7.293277261078629
, , 3.912, -7.292903374247047
, , 3.9124, -7.292526928316903
, , 3.9128, -7.292147923288184
, , 3.9132, -7.2917663591608886
, , 3.9136, -7.291382235935004
, , 3.914, -7.290995553610557
, , 3.9144, -7.290606312187521
, , 3.9148, -7.2902145116659085
, , 3.9152, -7.289820152045735
, , 3.9156, -7.289423233326971
, , 3.916, -7.289023755509646
, , 3.9164, -7.288621718593731
, , 3.9168, -7.2882171225792405
, , 3.9172000000000002, -7.287809967466174
, , 3.9176, -7.287400253254532
, , 3.918, -7.286987979944314
, , 3.9184, -7.28657314753552
, , 3.9188, -7.286155756028165
, , 3.9192, -7.28573580542222
, , 3.9196, -7.2853132957177
, , 3.92, -7.284888226914603
, , 3.9204, -7.284460599012917
, , 3.9208, -7.284030412012669
, , 3.9212, -7.283597665913845
, , 3.9216, -7.283162360716446
, , 3.922, -7.282724496420471
, , 3.9224, -7.282284073025906
, , 3.9228, -7.2818410905327795
, , 3.9232, -7.281395548941063
, , 3.9236, -7.280947448250785
, , 3.924, -7.280496788461917
, , 3.9244, -7.280043569574488
, , 3.9248, -7.279587791588483
, , 3.9252000000000002, -7.279129454503888
, , 3.9256, -7.278668558320717
, , 3.926, -7.278205103038971
, , 3.9264, -7.277739088658663
, , 3.9268, -7.277270515179765
, , 3.9272, -7.276799382602292
, , 3.9276, -7.276325690926257
, , 3.928, -7.275849440151632
, , 3.9284, -7.275370630278431
, , 3.9288, -7.2748892613066545
, , 3.9292, -7.274405333236288
, , 3.9296, -7.27391884606736
, , 3.93, -7.273429799799857
, , 3.9304, -7.272938194433777
, , 3.9308, -7.272444029969122
, , 3.9312, -7.271947306405892
, , 3.9316, -7.271448023744085
, , 3.932, -7.270946181983689
, , 3.9324, -7.270441781124731
, , 3.9328, -7.269934821167183
, , 3.9332000000000003, -7.269425302111074
, , 3.9336, -7.268913223956389
, , 3.934, -7.268398586703114
, , 3.9344, -7.267881390351278
, , 3.9348, -7.267361634900851
, , 3.9352, -7.266839320351849
, , 3.9356, -7.2663144467042855
, , 3.936, -7.265787013958132
, , 3.9364, -7.265257022113417
, , 3.9368, -7.264724471170112
, , 3.9372, -7.264189361128231
, , 3.9375999999999998, -7.263651691987775
, , 3.938, -7.263111463748743
, , 3.9384, -7.262568676411135
, , 3.9388, -7.2620233299749515
, , 3.9392, -7.261475424440192
, , 3.9396, -7.260924959806857
, , 3.94, -7.260371936074947
, , 3.9404, -7.25981635324446
, , 3.9408, -7.259258211315398
, , 3.9412000000000003, -7.258697510287746
, , 3.9416, -7.2581342501615325
, , 3.942, -7.257568430936729
, , 3.9424, -7.257000052613378
, , 3.9428, -7.256429115191423
, , 3.9432, -7.255855618670907
, , 3.9436, -7.2552795630518006
, , 3.944, -7.254700948334133
, , 3.9444, -7.254119774517875
, , 3.9448, -7.253536041603041
, , 3.9452, -7.252949749589632
, , 3.9455999999999998, -7.252360898477676
, , 3.946, -7.251769488267115
, , 3.9464, -7.251175518957979
, , 3.9468, -7.250578990550267
, , 3.9472, -7.249979903043979
, , 3.9476, -7.249378256439115
, , 3.948, -7.248774050735676
, , 3.9484, -7.248167285933675
, , 3.9488, -7.247557962033085
, , 3.9492, -7.246946079033918
, , 3.9496, -7.246331636936162
, , 3.95, -7.245714635739844
, , 3.9504, -7.245095075444951
, , 3.9508, -7.244472956051467
, , 3.9512, -7.243848277559437
, , 3.9516, -7.243221039968816
, , 3.952, -7.242591243279605
, , 3.9524, -7.241958887491833
, , 3.9528, -7.241323972605471
, , 3.9532, -7.240686498620548
, , 3.9536, -7.240046465537034
, , 3.954, -7.239403873354945
, , 3.9544, -7.238758722074309
, , 3.9548, -7.238111011695068
, , 3.9552, -7.237460742217252
, , 3.9556, -7.23680791364086
, , 3.956, -7.236152525965906
, , 3.9564, -7.235494579192363
, , 3.9568, -7.234834073320243
, , 3.9572, -7.234171008349563
, , 3.9576000000000002, -7.233505384280292
, , 3.958, -7.232837201112446
, , 3.9584, -7.232166458846024
, , 3.9588, -7.231493157481012
, , 3.9592, -7.230817297017438
, , 3.9596, -7.230138877455289
, , 3.96, -7.229457898794564
, , 3.9604, -7.2287743610352635
, , 3.9608, -7.228088264177387
, , 3.9612, -7.227399608220935
, , 3.9616, -7.226708393165893
, , 3.962, -7.22601461901229
, , 3.9624, -7.225318285760096
, , 3.9628, -7.224619393409341
, , 3.9632, -7.223917941960011
, , 3.9636, -7.223213931412104
, , 3.964, -7.222507361765608
, , 3.9644, -7.221798233020536
, , 3.9648, -7.221086545176902
, , 3.9652, -7.220372298234679
, , 3.9656000000000002, -7.21965549219388
, , 3.966, -7.218936127054519
, , 3.9664, -7.218214202816569
, , 3.9668, -7.217489719480042
, , 3.9672, -7.21676267704494
, , 3.9676, -7.2160330755112625
, , 3.968, -7.215300914879009
, , 3.9684, -7.21456619514818
, , 3.9688, -7.213828916318775
, , 3.9692, -7.213089078390809
, , 3.9696, -7.212346681364238
, , 3.97, -7.211601725239106
, , 3.9704, -7.210854210015398
, , 3.9708, -7.210104135693115
, , 3.9712, -7.209351502272241
, , 3.9716, -7.2085963097528065
, , 3.972, -7.207838558134796
, , 3.9724, -7.20707824741821
, , 3.9728, -7.206315377603033
, , 3.9732, -7.2055499486892955
, , 3.9736000000000002, -7.204781960676968
, , 3.974, -7.2040114135660644
, , 3.9744, -7.2032383073565995
, , 3.9748, -7.202462642048545
, , 3.9752, -7.201684417641928
, , 3.9756, -7.200903634136722
, , 3.976, -7.20012029153294
, , 3.9764, -7.199334389830582
, , 3.9768, -7.198545929029649
, , 3.9772, -7.19775490913014
, , 3.9776, -7.196961330132055
, , 3.9779999999999998, -7.196165192035409
, , 3.9784, -7.195366494840172
, , 3.9788, -7.19456523854636
, , 3.9792, -7.193761423153973
, , 3.9796, -7.192955048663009
, , 3.98, -7.192146115073456
, , 3.9804, -7.191334622385341
, , 3.9808, -7.190520570598665
, , 3.9812, -7.189703959713384
, , 3.9816000000000003, -7.188884789729542
, , 3.982, -7.18806306064711
, , 3.9824, -7.187238772466117
, , 3.9828, -7.186411925186533
, , 3.9832, -7.185582518808388
, , 3.9836, -7.184750553331654
, , 3.984, -7.183916028756357
, , 3.9844, -7.183078945082485
, , 3.9848, -7.182239302310023
, , 3.9852, -7.181397100438986
, , 3.9856, -7.180552339469372
, , 3.9859999999999998, -7.179705019401183
, , 3.9864, -7.178855140234418
, , 3.9868, -7.178002701969092
, , 3.9872, -7.177147704605176
, , 3.9876, -7.176290148142684
, , 3.988, -7.175430032581616
, , 3.9884, -7.174567357921973
, , 3.9888, -7.1737021241637535
, , 3.9892, -7.172834331306959
, , 3.9896, -7.171963979351588
, , 3.99, -7.171091068297642
, , 3.9904, -7.17021559814512
, , 3.9908, -7.169337568894022
, , 3.9912, -7.1684569805443346
, , 3.9916, -7.167573833096085
, , 3.992, -7.166688126549246
, , 3.9924, -7.165799860903846
, , 3.9928, -7.1649090361598695
, , 3.9932, -7.1640156523173175
, , 3.9936, -7.163119709376176
, , 3.9939999999999998, -7.162221207336458
, , 3.9944, -7.161320146198165
, , 3.9948, -7.16041652596131
, , 3.9952, -7.159510346625865
, , 3.9956, -7.158601608191859
, , 3.996, -7.157690310659262
, , 3.9964, -7.1567764540280905
, , 3.9968, -7.155860038298343
, , 3.9972, -7.1549410634700195
, , 3.9976, -7.15401952954312
, , 3.998, -7.153095436517646
, , 3.9984, -7.152168784393595
, , 3.9988, -7.151239573170983
, , 3.9992, -7.150307802849781
, , 3.9996, -7.149373473429989
, , 4.0, -7.148436584911636
