Radial distance r (atomic units), theoretical Hartree potential (atomic units), calculated Hartree potential (atomic units) with 1000 points
0.0, nan, inf
0.01001001001001001, 0.9999338644721689, 1.8983348708452987
0.02002002002002002, 0.9997380848753608, 1.4485547246634805
0.03003003003003003, 0.999416531302046, 1.2983712958407636
0.04004004004004004, 0.9989729816497821, 1.2229965031640984
0.050050050050050046, 0.9984111236533657, 1.1774756623472855
0.06006006006006006, 0.9977345568739135, 1.1468262487828058
0.07007007007007007, 0.9969467946455897, 1.1246291510260293
0.08008008008008008, 0.9960512659809737, 1.1076764855848595
0.09009009009009009, 0.9950513174358573, 1.0941875364125775
0.10010010010010009, 0.9939502149343706, 1.0830951317841162
0.11011011011011011, 0.9927511455552178, 1.073721271105513
0.12012012012012012, 0.9914572192798685, 1.0656149391736556
0.13013013013013014, 0.9900714707034872, 1.0584647761626231
0.14014014014014015, 0.9885968607093636, 1.0520491754554673
0.15015015015015015, 0.9870362781076256, 1.0462063429772992
0.16016016016016016, 0.9853925412389728, 1.0408155848579745
0.17017017017017017, 0.9836683995441575, 1.0357851999808723
0.18018018018018017, 0.9818665350999316, 1.0310444088383477
0.19019019019019018, 0.9799895641221639, 1.0265378316218534
0.20020020020020018, 0.9780400384368013, 1.0222216233037889
0.21021021021021022, 0.9760204469193634, 1.0180607133704571
0.22022022022022023, 0.9739332169036126, 1.014026798716879
0.23023023023023023, 0.971780715560056, 1.0100968604715514
0.24024024024024024, 0.9695652512448985, 1.0062520519300824
0.2502502502502503, 0.9672890748200835, 1.0024768536795667
0.2602602602602603, 0.9649543809450019, 0.9987584239705478
0.2702702702702703, 0.9625633093404851, 0.9950860937100747
0.2802802802802803, 0.9601179460256515, 0.9914509699142329
0.2902902902902903, 0.9576203245281762, 0.9878456214342869
0.3003003003003003, 0.9550724270685396, 0.9842638277536205
0.3103103103103103, 0.9524761857188078, 0.9807003766083497
0.3203203203203203, 0.9498334835364699, 0.9771508997463902
0.3303303303303303, 0.9471461556738623, 0.9736117387302421
0.34034034034034033, 0.9444159904636855, 0.9700798345935028
0.35035035035035034, 0.9416447304811237, 0.9665526365760844
0.36036036036036034, 0.9388340735830514, 0.963028026224331
0.37037037037037035, 0.9359856739248116, 0.9595042539453064
0.38038038038038036, 0.9331011429550362, 0.9559798857174056
0.39039039039039036, 0.9301820503889708, 0.9524537581308803
0.40040040040040037, 0.9272299251607545, 0.9489249402972322
0.41041041041041043, 0.9242462563551002, 0.9453927014515926
0.42042042042042044, 0.9212324941188028, 0.9418564832962563
0.43043043043043044, 0.9181900505525091, 0.9383158763106952
0.44044044044044045, 0.9151203005831574, 0.934770599394296
0.45045045045045046, 0.9120245828174947, 0.9312204823207995
0.46046046046046046, 0.9089042003770764, 0.9276654505740924
0.47047047047047047, 0.90576042171513, 0.9241055122083147
0.4804804804804805, 0.9025944814156743, 0.9205407464348083
0.4904904904904905, 0.8994075809752595, 0.916971293687054
0.5005005005005005, 0.8962008895677012, 0.9133973469546122
0.5105105105105106, 0.8929755447921672, 0.909819144209917
0.5205205205205206, 0.8897326534049639, 0.9062369617789164
0.5305305305305306, 0.8864732920353701, 0.9026511085290942
0.5405405405405406, 0.8831985078858574, 0.8990619207671848
0.5505505505505506, 0.8799093194170213, 0.8954697577545984
0.5605605605605606, 0.8766067170175535, 0.8918749977617574
0.5705705705705706, 0.8732916636595639, 0.8882780345936392
0.5805805805805806, 0.8699650955395714, 0.8846792745281991
0.5905905905905906, 0.8666279227054589, 0.8810791336172905
0.6006006006006006, 0.8632810296696947, 0.8774780353064502
0.6106106106106106, 0.8599252760091107, 0.8738764083356733
0.6206206206206206, 0.8565614969515198, 0.8702746848882222
0.6306306306306306, 0.8531905039494547, 0.8666732989587228
0.6406406406406406, 0.8498130852413005, 0.8630726849154331
0.6506506506506506, 0.8464300064000863, 0.85947327623468
0.6606606606606606, 0.8430420108702035, 0.8558755043881581
0.6706706706706707, 0.8396498204922997, 0.8522797978661176
0.6806806806806807, 0.8362541360166076, 0.8486865813214806
0.6906906906906907, 0.8328556376049464, 0.8450962748216982
0.7007007007007007, 0.8294549853216457, 0.8415092931966762
0.7107107107107107, 0.8260528196136191, 0.8379260454724459
0.7207207207207207, 0.8226497617798247, 0.8343469343814164
0.7307307307307307, 0.8192464144303369, 0.8307723559410761
0.7407407407407407, 0.8158433619352464, 0.8272026990939059
0.7507507507507507, 0.8124411708636148, 0.8236383454020578
0.7607607607607607, 0.8090403904126857, 0.8200796687910543
0.7707707707707707, 0.8056415528275676, 0.8165270353373687
0.7807807807807807, 0.8022451738115879, 0.8129808030953017
0.7907907907907907, 0.7988517529275192, 0.809441321959044
0.8008008008008007, 0.7954617739898728, 0.8059089335562393
0.8108108108108109, 0.7920757054484495, 0.8023839711697484
0.8208208208208209, 0.7886940007633347, 0.7988667596846468
0.8308308308308309, 0.785317098771523, 0.7953576155577871
0.8408408408408409, 0.781945424045349, 0.7918568468075303
0.8508508508508509, 0.7785793872429005, 0.7883647530214846
0.8608608608608609, 0.7752193854505878, 0.784881625380304
0.8708708708708709, 0.771865802518034, 0.781407746695795
0.8808808808808809, 0.7685190093854539, 0.7779433914617432
0.8908908908908909, 0.7651793644036811, 0.7744888259160326
0.9009009009009009, 0.7618472136470034, 0.771044308112765
0.9109109109109109, 0.7585228912189568, 0.76761008800321
0.9209209209209209, 0.7552067195512342, 0.7641864075245322
0.9309309309309309, 0.7518990096958547, 0.7607735006953361
0.9409409409409409, 0.7486000616107378, 0.7573715937171697
0.950950950950951, 0.7453101644388263, 0.7539809050811977
0.960960960960961, 0.7420295967808949, 0.7506016456793415
0.970970970970971, 0.7387586269621846, 0.7472340189192388
0.980980980980981, 0.7354975132929888, 0.7438782208424484
0.990990990990991, 0.7322465043233313, 0.7405344402453667
1.001001001001001, 0.7290058390918539, 0.7372028588023871
1.011011011011011, 0.725775747369047, 0.7338836511908646
1.021021021021021, 0.7225564498949404, 0.7305769852174985
1.031031031031031, 0.7193481586113751, 0.7272830219457822
1.0410410410410411, 0.7161510768889756, 0.7240019158241978
1.0510510510510511, 0.7129653997489354, 0.7207338148148664
1.0610610610610611, 0.7097913140797275, 0.7174788605223994
1.0710710710710711, 0.706628998848853, 0.714237188322709
1.0810810810810811, 0.7034786253097316, 0.7110089274915719
1.0910910910910911, 0.7003403572038432, 0.7077942013327521
1.1011011011011012, 0.6972143509582208, 0.7045931273055139
1.1111111111111112, 0.6941007558783978, 0.7014058171513707
1.1211211211211212, 0.6909997143369067, 0.6982323770199318
1.1311311311311312, 0.6879113619574286, 0.6950729075937252
1.1411411411411412, 0.6848358277946855, 0.6919275042118864
1.1511511511511512, 0.6817732345101704, 0.6887962569926159
1.1611611611611612, 0.678723698543804, 0.68567925095432
1.1711711711711712, 0.6756873302816091, 0.6825765661353572
1.1811811811811812, 0.6726642342194878, 0.6794882777123263
1.1911911911911912, 0.6696545091231872, 0.6764144561168354
1.2012012012012012, 0.6666582481845384, 0.6733551671507029
1.2112112112112112, 0.6636755391740476, 0.6703104720995469
1.2212212212212212, 0.6607064645899218, 0.6672804278447247
1.2312312312312312, 0.6577511018036053, 0.6642650869735955
1.2412412412412412, 0.6548095232019064, 0.6612644978880754
1.2512512512512513, 0.6518817963257837, 0.658278704911467
1.2612612612612613, 0.6489679840058724, 0.655307748393548
1.2712712712712713, 0.646068144494817, 0.6523516648139049
1.2812812812812813, 0.6431823315964817, 0.6494104868835041
1.2912912912912913, 0.6403105947921097, 0.646484243644496
1.3013013013013013, 0.6374529793634957, 0.6435729605682486
1.3113113113113113, 0.6346095265132381, 0.6406766596516138
1.3213213213213213, 0.6317802734821374, 0.6377953595114272
1.3313313313313313, 0.6289652536638008, 0.634929075477249
1.3413413413413413, 0.6261644967165173, 0.632077819682353
1.3513513513513513, 0.6233780286724613, 0.6292416011529731
1.3613613613613613, 0.6206058720442866, 0.6264204258958196
1.3713713713713713, 0.6178480459291661, 0.6236142969838776
1.3813813813813813, 0.6151045661103354, 0.6208232146405003
1.3913913913913913, 0.6123754451561946, 0.6180471763218164
1.4014014014014013, 0.6096606925170245, 0.6152861767974647
1.4114114114114114, 0.6069603146193666, 0.6125402082296737
1.4214214214214214, 0.6042743149581238, 0.6098092602507081
1.4314314314314314, 0.6016026941864274, 0.6070933200386956
1.4414414414414414, 0.5989454502033252, 0.6043923723918606
1.4514514514514514, 0.5963025782393341, 0.6017063998011789
1.4614614614614614, 0.5936740709399099, 0.5990353825214786
1.4714714714714714, 0.5910599184468776, 0.5963792986410075
1.4814814814814814, 0.5884601084778683, 0.5937381241494867
1.4914914914914914, 0.5858746264038095, 0.5911118330046767
1.5015015015015014, 0.5833034553245084, 0.5885003971974734
1.5115115115115114, 0.5807465761423757, 0.5859037868155598
1.5215215215215214, 0.5782039676343271, 0.5833219701056358
1.5315315315315314, 0.5756756065219079, 0.5807549135342466
1.5415415415415414, 0.5731614675396768, 0.5782025818472352
1.5515515515515514, 0.57066152350189, 0.57566493812784
1.5615615615615615, 0.5681757453675251, 0.5731419438534614
1.5715715715715715, 0.5657041023036787, 0.5706335589511189
1.5815815815815815, 0.5632465617473782, 0.5681397418516236
1.5915915915915915, 0.5608030894658418, 0.5656604495424864
1.6016016016016015, 0.5583736496152212, 0.5631956376195856
1.6116116116116117, 0.5559582047978642, 0.5607452603376157
1.6216216216216217, 0.5535567161181268, 0.5583092706593419
1.6316316316316317, 0.5511691432367714, 0.5558876203036776
1.6416416416416417, 0.5487954444239802, 0.5534802597926123
1.6516516516516517, 0.5464355766110192, 0.5510871384970077
1.6616616616616617, 0.5440894954405784, 0.5487082046812851
1.6716716716716717, 0.5417571553158236, 0.5463434055470249
1.6816816816816818, 0.5394385094481852, 0.5439926872754997
1.6916916916916918, 0.5371335099039148, 0.5416559950691613
1.7017017017017018, 0.5348421076494393, 0.5393332731921022
1.7117117117117118, 0.5325642525955349, 0.5370244650095125
1.7217217217217218, 0.5302998936403555, 0.5347295130261508
1.7317317317317318, 0.5280489787113344, 0.5324483589238506
1.7417417417417418, 0.5258114548059907, 0.5301809435980812
1.7517517517517518, 0.5235872680316632, 0.5279272071935805
1.7617617617617618, 0.5213763636441966, 0.5256870891390826
1.7717717717717718, 0.5191786860856046, 0.5234605281811534
1.7817817817817818, 0.5169941790207341, 0.5212474624171589
1.7917917917917918, 0.5148227853729522, 0.5190478293273785
1.8018018018018018, 0.5126644473588806, 0.5168615658062845
1.8118118118118118, 0.5105191065221973, 0.5146886081930061
1.8218218218218218, 0.5083867037665292, 0.5125288923009905
1.8318318318318318, 0.5062671793874558, 0.5103823534468839
1.8418418418418419, 0.5041604731036454, 0.5082489264786451
1.8518518518518519, 0.5020665240871431, 0.5061285458029094
1.8618618618618619, 0.49998527099283036, 0.5040211454116201
1.8718718718718719, 0.49791665198707796, 0.5019266589079406
1.8818818818818819, 0.495860604775608, 0.49984501953146543
1.8918918918918919, 0.49381706663058506, 0.4977761601827448
1.901901901901902, 0.49178597441695526, 0.4957200134471364
1.911911911911912, 0.4897672646180497, 0.4936765116180011
1.921921921921922, 0.4877608733604709, 0.49164558671925557
1.931931931931932, 0.4857667364382776, 0.48962717052729765
1.941941941941942, 0.4837847893364858, 0.48762119459231623
1.951951951951952, 0.48181496725390227, 0.4856275902590012
1.961961961961962, 0.47985720512530605, 0.48364628868666676
1.971971971971972, 0.4779114376429925, 0.4816772208688002
1.981981981981982, 0.4759775992776971, 0.4797203176520506
1.991991991991992, 0.4740556242989127, 0.47777550975466804
2.002002002002002, 0.47214544679461323, 0.4758427277844085
2.012012012012012, 0.47024700069040243, 0.4739219022559149
2.022022022022022, 0.4683602197680956, 0.472012963607586
2.032032032032032, 0.46648503768375355, 0.4701158422179463
2.042042042042042, 0.4646213879851775, 0.4682304684215275
2.052052052052052, 0.46276920412888134, 0.4663567725242732
2.062062062062062, 0.46092841949655144, 0.4644946848184774
2.0720720720720722, 0.45909896741100786, 0.46264413559726847
2.0820820820820822, 0.4572807811516786, 0.4608050551686487
2.0920920920920922, 0.45547379396959864, 0.4589773738690996
2.1021021021021022, 0.45367793910194565, 0.4571610220767637
2.1121121121121122, 0.451893149786123, 0.455355930224213
2.1221221221221223, 0.45011935927340274, 0.45356202881081287
2.1321321321321323, 0.44835650084213696, 0.4517792484146923
2.1421421421421423, 0.44660450781055044, 0.45000751970432845
2.1521521521521523, 0.44486331354912345, 0.44824677344975655
2.1621621621621623, 0.4431328514925756, 0.44649694053341205
2.1721721721721723, 0.44141305515145984, 0.4447579519606159
2.1821821821821823, 0.4397038581233771, 0.4430297388697096
2.1921921921921923, 0.43800519410382066, 0.4413122325418506
2.2022022022022023, 0.4363169968966595, 0.4396053644104747
2.2122122122122123, 0.43463920042426896, 0.43790906607043356
2.2222222222222223, 0.432971738737319, 0.43622326928681693
2.2322322322322323, 0.43131454602422775, 0.43454790600346566
2.2422422422422423, 0.4296675566202882, 0.43288290835118337
2.2522522522522523, 0.4280307050164777, 0.43122820865565553
2.2622622622622623, 0.42640392586795683, 0.42958373944508094
2.2722722722722724, 0.42478715400226696, 0.4279494334575254
2.2822822822822824, 0.4231803244272328, 0.42632522364800196
2.2922922922922924, 0.42158337233857834, 0.4247110431952869
2.3023023023023024, 0.41999623312726314, 0.4231068255084763
2.3123123123123124, 0.4184188423865464, 0.4215125042332906
2.3223223223223224, 0.41685113591878536, 0.4199280132581338
2.3323323323323324, 0.4152930497419753, 0.41835328671991223
2.3423423423423424, 0.41374452009603774, 0.41678825900962124
2.3523523523523524, 0.4122054834488634, 0.41523286477770327
2.3623623623623624, 0.4106758765021157, 0.413687038939185
2.3723723723723724, 0.40915563619680184, 0.4121507166785986
2.3823823823823824, 0.40764469971861805, 0.41062383345469244
2.3923923923923924, 0.40614300450307217, 0.4091063250049375
2.4024024024024024, 0.40465048824039374, 0.4075981273498334
2.4124124124124124, 0.4031670888802326, 0.4060991767970216
2.4224224224224224, 0.4016927446361561, 0.40460940994520844
2.4324324324324325, 0.40022739398994606, 0.40312876368790423
2.4424424424424425, 0.3987709756957038, 0.4016571752169834
2.4524524524524525, 0.3973234287837675, 0.40019458202607033
2.4624624624624625, 0.39588469256444636, 0.3987409219137549
2.4724724724724725, 0.39445470663157733, 0.39729613298664296
2.4824824824824825, 0.39303341086590826, 0.3958601536622468
2.4924924924924925, 0.39162074543831366, 0.39443292267171776
2.5025025025025025, 0.39021665081284596, 0.3930143790624281
2.5125125125125125, 0.388821067749628, 0.3916044622004043
2.5225225225225225, 0.38743393730759035, 0.3902031117726164
2.5325325325325325, 0.38605520084705863, 0.3888102677891275
2.5425425425425425, 0.38468480003219374, 0.3874258705851069
2.5525525525525525, 0.38332267683329024, 0.38604986082271203
2.5625625625625625, 0.38196877352893627, 0.38468217949284017
2.5725725725725725, 0.380623032708039, 0.3833227679167566
2.5825825825825826, 0.37928539727171945, 0.38197156774760105
2.5925925925925926, 0.37795581043508064, 0.3806285209717753
2.6026026026026026, 0.37663421572885136, 0.3792935699102176
2.6126126126126126, 0.3753205570009118, 0.3779666572195649
2.6226226226226226, 0.3740147784177014, 0.37664772589320705
2.6326326326326326, 0.3727168244655141, 0.37533671926223633
2.6426426426426426, 0.3714266399516843, 0.3740335809962951
2.6526526526526526, 0.3701441700056658, 0.3727382551043246
2.6626626626626626, 0.3688693600800076, 0.3714506859352174
2.6726726726726726, 0.3676021559512291, 0.3701708181783773
2.6826826826826826, 0.3663425037205982, 0.3688985968641888
2.6926926926926926, 0.3650903498148149, 0.3676339673643985
2.7027027027027026, 0.3638456409866032, 0.3663768753924124
2.7127127127127126, 0.36260832431521406, 0.3651272670035102
2.7227227227227226, 0.36137834720684225, 0.36388508859498025
2.7327327327327327, 0.3601556573949598, 0.3626502869061765
2.7427427427427427, 0.3589402029405684, 0.3614228090185017
2.7527527527527527, 0.35773193223237326, 0.3602026023553165
2.7627627627627627, 0.3565307939868809, 0.35898961468177953
2.7727727727727727, 0.35533673724842385, 0.35778379410461914
2.7827827827827827, 0.35414971138911283, 0.3565850890718387
2.7927927927927927, 0.35296966610872166, 0.35539344837235887
2.8028028028028027, 0.3517965514345034, 0.35420882113559804
2.8128128128128127, 0.3506303177209435, 0.3530311568309927
2.8228228228228227, 0.3494709156494493, 0.35186040526746093
2.8328328328328327, 0.34831829622797933, 0.35069651659280976
2.8428428428428427, 0.3471724107906144, 0.34953944129308856
2.8528528528528527, 0.34603321099707157, 0.34838913019189044
2.8628628628628627, 0.3449006488321638, 0.3472455344496042
2.8728728728728727, 0.343774676605207, 0.34610860556261674
2.8828828828828827, 0.34265524694937516, 0.3449782953624694
2.8928928928928928, 0.3415423128210076, 0.3438545560149687
2.9029029029029028, 0.3404358274988673, 0.3427373400192544
2.9129129129129128, 0.3393357445833545, 0.34162660020682456
2.9229229229229228, 0.33824201799567544, 0.34052228974052134
2.932932932932933, 0.33715460197696817, 0.33942436211347715
2.942942942942943, 0.3360734510873885, 0.3383327711480231
2.952952952952953, 0.33499852020515497, 0.3372474709945631
2.962962962962963, 0.3339297645255564, 0.33616841613041076
2.972972972972973, 0.33286713955992286, 0.33509556135859575
2.982982982982983, 0.33181060113456096, 0.3340288618066361
2.992992992992993, 0.3307601053896554, 0.3329682729252808
3.003003003003003, 0.3297156087781378, 0.33191375048722305
3.013013013013013, 0.3286770680645246, 0.3308652505857845
3.023023023023023, 0.32764444032372436, 0.3298227296335737
3.033033033033033, 0.32661768293981647, 0.32878614436111747
3.043043043043043, 0.3255967536048021, 0.3277554518154682
3.053053053053053, 0.3245816103173289, 0.3267306093587871
3.063063063063063, 0.3235722113813901, 0.3257115746669053
3.073073073073073, 0.3225685154049992, 0.3246983057278629
3.083083083083083, 0.321570481298842, 0.3236907608404277
3.093093093093093, 0.32057806827490576, 0.32268889861259437
3.103103103103103, 0.3195912358450874, 0.32169267796006484
3.113113113113113, 0.31860994381978236, 0.3207020581047111
3.123123123123123, 0.3176341523064527, 0.3197169985730211
3.133133133133133, 0.31666382170817825, 0.31873745919452884
3.143143143143143, 0.3156989127221898, 0.3177634001002291
3.153153153153153, 0.3147393863383858, 0.3167947817209785
3.163163163163163, 0.31378520383783337, 0.31583156478588253
3.173173173173173, 0.31283632679125495, 0.3148737103206701
3.183183183183183, 0.31189271705750027, 0.3139211796460562
3.193193193193193, 0.3109543367820056, 0.3129739343760938
3.203203203203203, 0.31002114839524036, 0.3120319364165146
3.2132132132132134, 0.30909311461114203, 0.3110951479630605
3.2232232232232234, 0.30817019842554033, 0.31016353149980613
3.2332332332332334, 0.3072523631145705, 0.3092370497974724
3.2432432432432434, 0.30633957223307756, 0.30831566591173304
3.2532532532532534, 0.30543178961301165, 0.30739934318151363
3.2632632632632634, 0.30452897936181456, 0.3064880452272838
3.2732732732732734, 0.30363110586079906, 0.30558173594934407
3.2832832832832834, 0.302738133763521, 0.3046803795261073
3.2932932932932935, 0.3018500279941449, 0.3037839404123748
3.3033033033033035, 0.300966753745804, 0.30289238333760826
3.3133133133133135, 0.30008827647895403, 0.30200567330419875
3.3233233233233235, 0.2992145619197234, 0.3011237755857312
3.3333333333333335, 0.29834557605825823, 0.3002466557252473
3.3433433433433435, 0.297481285147064, 0.29937427953350526
3.3533533533533535, 0.2966216556993437, 0.298506613087238
3.3633633633633635, 0.29576665448733325, 0.29764362272741046
3.3733733733733735, 0.29491624854063464, 0.2967852750574749
3.3833833833833835, 0.2940704051445471, 0.29593153694162666
3.3933933933933935, 0.293229091838397, 0.2950823755030597
3.4034034034034035, 0.29239227641386617, 0.2942377581222216
3.4134134134134135, 0.2915599269133203, 0.2933976524350699
3.4234234234234235, 0.2907320116281362, 0.29256202633132933
3.4334334334334335, 0.28990849909703065, 0.2917308479527508
3.4434434434434436, 0.2890893581043879, 0.2909040856913708
3.4534534534534536, 0.28827455767858945, 0.2900817081877745
3.4634634634634636, 0.28746406709034444, 0.2892636843293604
3.4734734734734736, 0.2866578558510218, 0.28844998324860727
3.4834834834834836, 0.28585589371098424, 0.287640574321345
3.4934934934934936, 0.28505815065792406, 0.286835427165028
3.5035035035035036, 0.284264596915202, 0.2860345116370125
3.5135135135135136, 0.28347520294018863, 0.28523779783283765
3.5235235235235236, 0.28268993942260867, 0.28444525608451043
3.5335335335335336, 0.28190877728288877, 0.28365685695879556
3.5435435435435436, 0.281131687670509, 0.282872571255509
3.5535535535535536, 0.2803586419623579, 0.2820923700058172
3.5635635635635636, 0.2795896117610918, 0.281316224470541
3.5735735735735736, 0.2788245688934987, 0.2805441061384646
3.5835835835835836, 0.27806348540886605, 0.2797759867246504
3.5935935935935936, 0.2773063335773541, 0.2790118381687592
3.6036036036036037, 0.2765530858883735, 0.2782516326333763
3.6136136136136137, 0.2758037150489689, 0.27749534250234426
3.6236236236236237, 0.275058193982207, 0.2767429403791005
3.6336336336336337, 0.2743164958255708, 0.2759943990850229
3.6436436436436437, 0.2735785939293599, 0.27524969165778074
3.6536536536536537, 0.27284446185509537, 0.27450879134969325
3.6636636636636637, 0.2721140733739327, 0.2737716716260944
3.6736736736736737, 0.271387402465079, 0.27303830616370495
3.6836836836836837, 0.27066442331421803, 0.27230866884901167
3.6936936936936937, 0.26994511031194146, 0.27158273377665404
3.7037037037037037, 0.26922943805218597, 0.27086047524781787
3.7137137137137137, 0.2685173813306787, 0.27014186776863686
3.7237237237237237, 0.2678089151433881, 0.2694268860486018
3.7337337337337337, 0.26710401468498324, 0.26871550499897756
3.7437437437437437, 0.2664026553472989, 0.26800769973122734
3.7537537537537538, 0.26570481271780977, 0.26730344555544583
3.7637637637637638, 0.26501046257810984, 0.2666027179788
3.7737737737737738, 0.26431958090240154, 0.2659054927039777
3.7837837837837838, 0.26363214385599076, 0.2652117456276451
3.793793793793794, 0.26294812779379084, 0.2645214528389122
3.803803803803804, 0.2622675092588332, 0.26383459061780645
3.813813813813814, 0.26159026498078686, 0.2631511354337554
3.823823823823824, 0.26091637187448546, 0.2624710639440773
3.833833833833834, 0.2602458070384623, 0.2617943529924809
3.843843843843844, 0.2595785477534931, 0.26112097960757313
3.853853853853854, 0.25891457148114827, 0.26045092100137657
3.863863863863864, 0.25825385586235156, 0.25978415456785425
3.873873873873874, 0.2575963787159485, 0.2591206578814447
3.883883883883884, 0.25694211803728223, 0.25846040869560527
3.893893893893894, 0.2562910519967784, 0.25780338494136357
3.903903903903904, 0.25564315893853784, 0.25714956472587924
3.913913913913914, 0.25499841737893836, 0.256498926331014
3.923923923923924, 0.25435680600524474, 0.25585144821191
3.933933933933934, 0.2537183036742267, 0.25520710899557897
3.943943943943944, 0.253082889410787, 0.25456588747949827
3.953953953953954, 0.2524505424065963, 0.25392776263021777
3.963963963963964, 0.25182124201873834, 0.2532927135819752
3.973973973973974, 0.25119496776836236, 0.25266071963531994
3.983983983983984, 0.2505716993393451, 0.25203176025574736
3.993993993993994, 0.2499514165769614, 0.25140581507234055
4.004004004004004, 0.24933409948656324, 0.2507828638764231
4.014014014014014, 0.2487197282322678, 0.2501628866202192
4.024024024024024, 0.2481082831356539, 0.2495458634155243
4.034034034034034, 0.24749974467446767, 0.2489317745323841
4.044044044044044, 0.24689409348133673, 0.2483206003977831
4.054054054054054, 0.24629131034249305, 0.2477123215943421
4.064064064064064, 0.2456913761965048, 0.24710691885902486
4.074074074074074, 0.24509427213301685, 0.246504373081854
4.084084084084084, 0.24449997939150003, 0.24590466530463614
4.094094094094094, 0.24390847936000928, 0.24530777671969586
4.104104104104104, 0.2433197535739504, 0.24471368866861884
4.114114114114114, 0.2427337837148556, 0.2441223826410044
4.124124124124124, 0.24215055160916793, 0.24353384027322678
4.134134134134134, 0.24157003922703432, 0.24294804334720577
4.1441441441441444, 0.24099222868110723, 0.242364973789186
4.1541541541541545, 0.24041710222535523, 0.24178461366852558
4.1641641641641645, 0.23984464225388236, 0.24120694519649385
4.1741741741741745, 0.23927483129975555, 0.2406319507250777
4.1841841841841845, 0.23870765203384153, 0.2400596127457971
4.1941941941941945, 0.2381430872636518, 0.23948991388852978
4.2042042042042045, 0.23758111993219636, 0.23892283692034427
4.2142142142142145, 0.2370217331168461, 0.23835836474434235
4.2242242242242245, 0.23646491002820377, 0.23779648039850998
4.2342342342342345, 0.2359106340089834, 0.23723716705457737
4.2442442442442445, 0.2353588885328981, 0.23668040801688764
4.2542542542542545, 0.2348096572035568, 0.2361261867212742
4.2642642642642645, 0.23426292375336896, 0.23557448673394701
4.2742742742742745, 0.23371867204245797, 0.2350252917503874
4.2842842842842845, 0.23317688605758297, 0.23447858559425167
4.2942942942942945, 0.23263754991106878, 0.23393435221628323
4.3043043043043046, 0.23210064783974454, 0.23339257569323343
4.314314314314315, 0.23156616420389042, 0.23285324022679071
4.324324324324325, 0.2310340834861924, 0.23231633014251843
4.334334334334335, 0.23050439029070585, 0.23178182988880122
4.344344344344345, 0.22997706934182674, 0.23124972403579966
4.354354354354355, 0.22945210548327136, 0.2307199972744132
4.364364364364365, 0.22892948367706392, 0.230192634415252
4.374374374374375, 0.2284091890025325, 0.2296676203876163
4.384384384384385, 0.22789120665531282, 0.22914494023848456
4.394394394394395, 0.22737552194636013, 0.22862457913150974
4.404404404404405, 0.22686212030096894, 0.2281065223460238
4.414414414414415, 0.226350987257801, 0.22759075527605
4.424424424424425, 0.22584210846792063, 0.2270772634293238
4.434434434434435, 0.22533546969383847, 0.22656603242632162
4.444444444444445, 0.2248310568085627, 0.2260570479992971
4.454454454454455, 0.22432885579465797, 0.2255502959913263
4.464464464464465, 0.22382885274331232, 0.22504576235536
4.474474474474475, 0.22333103385341152, 0.2245434331532841
4.484484484484485, 0.22283538543062123, 0.2240432945549879
4.494494494494495, 0.22234189388647663, 0.2235453328374403
4.504504504504505, 0.22185054573747953, 0.2230495343837734
4.514514514514515, 0.22136132760420327, 0.22255588568237406
4.524524524524525, 0.2208742262104047, 0.2220643733259826
4.534534534534535, 0.22038922838214386, 0.2215749840108001
4.544544544544545, 0.21990632104691094, 0.22108770453560206
4.554554554554555, 0.21942549123276034, 0.2206025218008601
4.564564564564565, 0.2189467260674525, 0.2201194228078714
4.574574574574575, 0.21847001277760242, 0.2196383946578949
4.584584584584585, 0.21799533868783566, 0.21915942455129536
4.594594594594595, 0.2175226912199515, 0.21868249978669427
4.604604604604605, 0.21705205789209292, 0.21820760776012843
4.614614614614615, 0.21658342631792407, 0.21773473596421544
4.624624624624625, 0.21611678420581418, 0.21726387198732652
4.634634634634635, 0.21565211935802897, 0.21679500351276612
4.644644644644645, 0.21518941966992852, 0.21632811831795906
4.654654654654655, 0.2147286731291723, 0.2158632042736442
4.664664664664665, 0.2142698678149307, 0.21540024934307542
4.674674674674675, 0.21381299189710387, 0.21493924158122915
4.684684684684685, 0.21335803363554642, 0.21448016913401924
4.694694694694695, 0.21290498137929978, 0.21402302023751807
4.704704704704705, 0.2124538235658303, 0.2135677832171847
4.714714714714715, 0.21200454872027458, 0.21311444648709996
4.724724724724725, 0.2115571454546908, 0.21266299854920773
4.734734734734735, 0.2111116024673169, 0.2122134279925631
4.744744744744745, 0.2106679085418352, 0.21176572349258702
4.754754754754755, 0.21022605254664314, 0.2113198738103275
4.764764764764765, 0.20978602343413044, 0.2108758677917272
4.774774774774775, 0.20934781023996268, 0.21043369436689768
4.784784784784785, 0.20891140208237113, 0.2099933425493994
4.794794794794795, 0.20847678816144863, 0.20955480143552885
4.804804804804805, 0.20804395775845166, 0.20911806020361134
4.814814814814815, 0.20761290023510856, 0.2086831081133003
4.824824824824825, 0.2071836050329339, 0.20824993450488252
4.834834834834835, 0.20675606167254867, 0.20781852879858986
4.844844844844845, 0.20633025975300645, 0.2073888804939167
4.854854854854855, 0.20590618895112583, 0.20696097916894354
4.864864864864865, 0.20548383902082817, 0.20653481447966673
4.874874874874875, 0.2050631997924817, 0.20611037615933367
4.884884884884885, 0.20464426117225093, 0.20568765401778466
4.894894894894895, 0.20422701314145228, 0.20526663794079988
4.904904904904905, 0.20381144575591514, 0.20484731788945243
4.914914914914915, 0.20339754914534838, 0.20442968389946714
4.924924924924925, 0.20298531351271296, 0.2040137260805852
4.934934934934935, 0.20257472913359964, 0.20359943461593413
4.944944944944945, 0.2021657863556125, 0.20318679976140352
4.954954954954955, 0.2017584755977577, 0.20277581184502644
4.964964964964965, 0.2013527873498379, 0.2023664612663663
4.974974974974975, 0.20094871217185178, 0.20195873849590879
4.984984984984985, 0.20054624069339938, 0.20155263407446017
4.994994994994995, 0.20014536361309193, 0.20114813861255007
5.005005005005005, 0.19974607169796785, 0.20074524278983966
5.015015015015015, 0.1993483557829132, 0.2003439373545359
5.025025025025025, 0.1989522067700879, 0.19994421312281016
5.035035035035035, 0.19855761562835642, 0.1995460609782225
5.045045045045045, 0.19816457339272428, 0.19914947187115103
5.055055055055055, 0.19777307116377899, 0.19875443681822647
5.065065065065065, 0.19738310010713614, 0.19836094690177136
5.075075075075075, 0.1969946514528908, 0.19796899326924494
5.085085085085085, 0.19660771649507328, 0.19757856713269253
5.095095095095095, 0.19622228659111, 0.19718965976820008
5.105105105105105, 0.19583835316128945, 0.19680226251535357
5.115115115115115, 0.19545590768823246, 0.19641636677670318
5.125125125125125, 0.1950749417163675, 0.1960319640172325
5.135135135135135, 0.1946954468514107, 0.19564904576383213
5.145145145145145, 0.19431741475985034, 0.19526760360477857
5.155155155155155, 0.19394083716843624, 0.19488762918921748
5.165165165165165, 0.1935657058636735, 0.19450911422665124
5.175175175175175, 0.1931920126913208, 0.19413205048643192
5.185185185185185, 0.1928197495558934, 0.19375642979725818
5.195195195195195, 0.1924489084201704, 0.19338224404667698
5.205205205205205, 0.19207948130470656, 0.19300948518058983
5.215215215215215, 0.1917114602873485, 0.1926381452027631
5.225225225225225, 0.19134483750275502, 0.19226821617434345
5.235235235235235, 0.1909796051419222, 0.19189969021337686
5.245245245245245, 0.1906157554517122, 0.1915325594943326
5.255255255255255, 0.1902532807343869, 0.19116681624763115
5.265265265265265, 0.1898921733471453, 0.19080245275917648
5.275275275275275, 0.18953242570166512, 0.1904394613698927
5.285285285285285, 0.1891740302636488, 0.1900778344752646
5.295295295295295, 0.1888169795523733, 0.18971756452488256
5.305305305305305, 0.18846126614024428, 0.1893586440219917
5.315315315315315, 0.1881068826523538, 0.1890010655230446
5.325325325325325, 0.18775382176604252, 0.18864482163725857
5.335335335335335, 0.1874020762104655, 0.18828990502617673
5.345345345345345, 0.1870516387661622, 0.18793630840323305
5.355355355355355, 0.18670250226462998, 0.1875840245333212
5.365365365365365, 0.18635465958790184, 0.18723304623236772
5.375375375375375, 0.18600810366812767, 0.1868833663669084
5.385385385385385, 0.18566282748715948, 0.1865349778536691
5.395395395395395, 0.18531882407614014, 0.18618787365914993
5.405405405405405, 0.1849760865150962, 0.18584204679921365
5.415415415415415, 0.18463460793253392, 0.18549749033867707
5.425425425425425, 0.1842943815050392, 0.1851541973909069
5.435435435435435, 0.18395540045688133, 0.18481216111741885
5.445445445445445, 0.1836176580596197, 0.18447137472748032
5.455455455455455, 0.1832811476317147, 0.184131831477717
5.465465465465465, 0.1829458625381418, 0.18379352467172252
5.475475475475475, 0.182611796190009, 0.1834564476596722
5.485485485485485, 0.18227894204417808, 0.1831205938379399
5.495495495495495, 0.18194729360288903, 0.18278595664871838
5.505505505505505, 0.18161684441338782, 0.1824525295796432
5.515515515515515, 0.18128758806755763, 0.18212030616341998
5.525525525525525, 0.18095951820155348, 0.181789279977455
5.535535535535535, 0.18063262849543996, 0.1814594446434891
5.545545545545545, 0.1803069126728323, 0.18113079382723496
5.555555555555555, 0.17998236450054075, 0.18080332123801757
5.565565565565565, 0.17965897778821807, 0.1804770206284182
5.575575575575575, 0.17933674638801014, 0.18015188579392097
5.585585585585585, 0.17901566419421, 0.17982791057256356
5.595595595595595, 0.17869572514291449, 0.17950508884458988
5.605605605605605, 0.17837692321168463, 0.1791834145321071
5.615615615615615, 0.1780592524192084, 0.17886288159874475
5.625625625625625, 0.17774270682496707, 0.17854348404931772
5.635635635635635, 0.17742728052890422, 0.17822521592949137
5.645645645645645, 0.1771129676710979, 0.1779080713254507
5.655655655655655, 0.17679976243143553, 0.1775920443635718
5.665665665665665, 0.1764876590292921, 0.1772771292100962
5.675675675675675, 0.17617665172321073, 0.17696332007080876
5.685685685685685, 0.17586673481058665, 0.17665061119071793
5.6956956956956954, 0.17555790262735357, 0.17633899685373886
5.7057057057057055, 0.17525014954767315, 0.17602847138237984
5.7157157157157155, 0.17494346998362711, 0.17571902913743104
5.7257257257257255, 0.17463785838491214, 0.1754106645176564
5.7357357357357355, 0.17433330923853754, 0.17510337195948794
5.7457457457457455, 0.1740298170685256, 0.17479714593672324
5.7557557557557555, 0.17372737643561464, 0.17449198096022536
5.7657657657657655, 0.1734259819369646, 0.17418787157762536
5.7757757757757755, 0.17312562820586558, 0.17388481237302775
5.7857857857857855, 0.17282630991144854, 0.17358279796671847
5.7957957957957955, 0.17252802175839904, 0.17328182301487535
5.8058058058058055, 0.17223075848667316, 0.17298188220928154
5.8158158158158155, 0.17193451487121622, 0.17268297027704094
5.8258258258258255, 0.17163928572168383, 0.17238508198029667
5.8358358358358355, 0.17134506588216564, 0.17208821211595185
5.8458458458458455, 0.17105185023091127, 0.17179235551539282
5.8558558558558556, 0.170759633680059, 0.17149750704421504
5.865865865865866, 0.17046841117536657, 0.17120366160195116
5.875875875875876, 0.17017817769594465, 0.17091081412180179
5.885885885885886, 0.16988892825399257, 0.17061895957036854
5.895895895895896, 0.16960065789453627, 0.1703280929473893
5.905905905905906, 0.16931336169516886, 0.17003820928547625
5.915915915915916, 0.1690270347657932, 0.1697493036498557
5.925925925925926, 0.16874167224836709, 0.1694613711381108
5.935935935935936, 0.16845726931665028, 0.1691744068799261
5.945945945945946, 0.16817382117595425, 0.16888840603683472
5.955955955955956, 0.16789132306289384, 0.1686033638019672
5.965965965965966, 0.1676097702451411, 0.16831927539980351
5.975975975975976, 0.16732915802118153, 0.16803613608592632
5.985985985985986, 0.16704948172007245, 0.16775394114677705
5.995995995995996, 0.1667707367012031, 0.16747268589941386
6.006006006006006, 0.16649291835405758, 0.16719236569127177
6.016016016016016, 0.16621602209797925, 0.16691297589992501
6.026026026026026, 0.16594004338193757, 0.1666345119328515
6.036036036036036, 0.16566497768429678, 0.1663569692271993
6.046046046046046, 0.16539082051258683, 0.16608034324955492
6.056056056056056, 0.16511756740327624, 0.1658046294957144
6.066066066066066, 0.16484521392154694, 0.1655298234904554
6.076076076076076, 0.16457375566107105, 0.16525592078731233
6.086086086086086, 0.16430318824378978, 0.16498291696835266
6.096096096096096, 0.16403350731969416, 0.1647108076439555
6.106106106106106, 0.16376470856660774, 0.16443958845259246
6.116116116116116, 0.16349678768997117, 0.16416925506060961
6.126126126126126, 0.1632297404226287, 0.16389980316201244
6.136136136136136, 0.16296356252461655, 0.16363122847825168
6.146146146146146, 0.1626982497829532, 0.16336352675801175
6.156156156156156, 0.16243379801143132, 0.16309669377700067
6.166166166166166, 0.1621702030504118, 0.1628307253377419
6.176176176176176, 0.1619074607666194, 0.16256561726936813
6.186186186186186, 0.1616455670529402, 0.16230136542741677
6.196196196196196, 0.16138451782822089, 0.16203796569362708
6.206206206206206, 0.16112430903706984, 0.16177541397573952
6.216216216216216, 0.16086493664965976, 0.16151370620729627
6.226226226226226, 0.16060639666153217, 0.16125283834744403
6.236236236236236, 0.16034868509340372, 0.16099280638073818
6.246246246246246, 0.16009179799097395, 0.16073360631694894
6.256256256256256, 0.15983573142473478, 0.16047523419086884
6.266266266266266, 0.15958048148978193, 0.16021768606212222
6.276276276276276, 0.15932604430562752, 0.15996095801497628
6.286286286286286, 0.1590724160160147, 0.15970504615815365
6.296296296296296, 0.15881959278873373, 0.15944994662464687
6.306306306306306, 0.1585675708154396, 0.15919565557153412
6.316316316316316, 0.15831634631147137, 0.15894216917979676
6.326326326326326, 0.15806591551567295, 0.15868948365413865
6.336336336336336, 0.15781627469021553, 0.15843759522280654
6.346346346346346, 0.15756742012042146, 0.15818650013741242
6.356356356356356, 0.15731934811458975, 0.15793619467275738
6.366366366366366, 0.157072055003823, 0.15768667512665657
6.376376376376376, 0.15682553714185588, 0.1574379378197665
6.386386386386386, 0.15657979090488497, 0.15718997909541285
6.396396396396396, 0.15633481269140034, 0.15694279531942062
6.406406406406406, 0.15609059892201824, 0.1566963828799451
6.416416416416417, 0.15584714603931546, 0.1564507381873048
6.426426426426427, 0.15560445050766505, 0.15620585767381528
6.436436436436437, 0.15536250881307354, 0.1559617377936252
6.446446446446447, 0.15512131746301921, 0.1557183750225529
6.456456456456457, 0.15488087298629236, 0.1554757658579248
6.466466466466467, 0.15464117193283627, 0.1552339068184156
6.476476476476477, 0.15440221087359016, 0.15499279444388875
6.486486486486487, 0.15416398640033294, 0.15475242529523953
6.496496496496497, 0.15392649512552872, 0.1545127959542387
6.506506506506507, 0.1536897336821733, 0.15427390302337773
6.516516516516517, 0.1534536987236424, 0.15403574312571516
6.526526526526527, 0.15321838692354064, 0.15379831290472468
6.536536536536537, 0.15298379497555223, 0.153561609024144
6.546546546546547, 0.15274991959329284, 0.15332562816782566
6.556556556556557, 0.1525167575101626, 0.1530903670395882
6.566566566566567, 0.15228430547920055, 0.15285582236306952
6.576576576576577, 0.15205256027294, 0.1526219908815809
6.586586586586587, 0.15182151868326565, 0.15238886935796253
6.596596596596597, 0.15159117752127138, 0.15215645457444016
6.606606606606607, 0.15136153361711946, 0.1519247433324829
6.616616616616617, 0.1511325838199012, 0.15169373245266246
6.626626626626627, 0.15090432499749826, 0.1514634187745133
6.636636636636637, 0.1506767540364456, 0.15123379915639426
6.646646646646647, 0.15044986784179545, 0.15100487047535102
6.656656656656657, 0.15022366333698223, 0.15077662962698005
6.666666666666667, 0.14999813746368884, 0.1505490735252935
6.676676676676677, 0.14977328718171407, 0.15032219910258535
6.686686686686687, 0.14954910946884092, 0.15009600330929848
6.696696696696697, 0.1493256013207064, 0.1498704831138932
6.706706706706707, 0.14910275975067197, 0.1496456355027166
6.716716716716717, 0.14888058178969535, 0.14942145747987307
6.726726726726727, 0.14865906448620345, 0.149197946067096
6.736736736736737, 0.14843820490596615, 0.14897509830362046
6.746746746746747, 0.14821800013197137, 0.14875291124605694
6.756756756756757, 0.14799844726430092, 0.14853138196826632
6.766766766766767, 0.14777954342000768, 0.14831050756123554
6.776776776776777, 0.14756128573299365, 0.14809028513295464
6.786786786786787, 0.14734367135388884, 0.14787071180829475
6.796796796796797, 0.14712669744993165, 0.14765178472888704
6.806806806806807, 0.1469103612048498, 0.14743350105300257
6.816816816816817, 0.14669465981874238, 0.14721585795543335
6.826826826826827, 0.14647959050796305, 0.14699885262737442
6.836836836836837, 0.1462651505050039, 0.14678248227630658
6.846846846846847, 0.14605133705838064, 0.14656674412588047
6.856856856856857, 0.14583814743251838, 0.1463516354158014
6.866866866866867, 0.14562557890763858, 0.14613715340171515
6.876876876876877, 0.14541362877964698, 0.14592329535509485
6.886886886886887, 0.14520229436002216, 0.14571005856312863
6.896896896896897, 0.1449915729757055, 0.14549744032860823
6.906906906906907, 0.14478146196899147, 0.14528543796981871
6.916916916916917, 0.14457195869741932, 0.14507404882042876
6.926926926926927, 0.14436306053366546, 0.14486327022938222
6.936936936936937, 0.14415476486543657, 0.14465309956079028
6.946946946946947, 0.14394706909536398, 0.14444353419382466
6.956956956956957, 0.14373997064089855, 0.14423457152261177
6.966966966966967, 0.14353346693420652, 0.1440262089561273
6.976976976976977, 0.1433275554220664, 0.14381844391809245
6.986986986986987, 0.14312223356576648, 0.14361127384687014
6.996996996996997, 0.1429174988410031, 0.14340469619536278
7.007007007007007, 0.14271334873778022, 0.14319870843091045
7.017017017017017, 0.14250978076030915, 0.1429933080351901
7.027027027027027, 0.14230679242690977, 0.1427884925041154
7.037037037037037, 0.14210438126991198, 0.14258425934773777
7.047047047047047, 0.1419025448355583, 0.14238060609014766
7.057057057057057, 0.14170128068390717, 0.1421775302693773
7.067067067067067, 0.14150058638873705, 0.14197502943730358
7.077077077077077, 0.14130045953745124, 0.14177310115955222
7.087087087087087, 0.14110089773098344, 0.14157174301540243
7.097097097097097, 0.14090189858370442, 0.14137095259769247
7.107107107107107, 0.14070345972332876, 0.141170727512726
7.117117117117117, 0.14050557879082323, 0.14097106538017906
7.127127127127127, 0.140308253440315, 0.14077196383300794
7.137137137137137, 0.14011148133900134, 0.14057342051735758
7.147147147147147, 0.1399152601670596, 0.14037543309247108
7.157157157157157, 0.1397195876175581, 0.14017799923059968
7.167167167167167, 0.13952446139636765, 0.13998111661691326
7.177177177177177, 0.13932987922207393, 0.1397847829494121
7.187187187187187, 0.1391358388258903, 0.13958899593883894
7.197197197197197, 0.1389423379515717, 0.13939375330859188
7.207207207207207, 0.13874937435532875, 0.13919905279463782
7.217217217217217, 0.13855694580574307, 0.139004892145427
7.227227227227227, 0.13836505008368286, 0.13881126912180775
7.237237237237237, 0.13817368498221938, 0.13861818149694222
7.247247247247247, 0.13798284830654392, 0.13842562705622263
7.257257257257257, 0.13779253787388573, 0.13823360359718836
7.267267267267267, 0.13760275151343027, 0.1380421089294434
7.277277277277277, 0.1374134870662382, 0.13785114087457495
7.287287287287287, 0.1372247423851654, 0.13766069726607205
7.297297297297297, 0.1370365153347828, 0.13747077594924542
7.307307307307307, 0.1368488037912978, 0.13728137478114752
7.317317317317317, 0.13666160564247554, 0.1370924916304935
7.327327327327327, 0.1364749187875613, 0.13690412437758276
7.337337337337337, 0.13628874113720327, 0.1367162709142209
7.347347347347347, 0.13610307061337593, 0.1365289291436426
7.357357357357357, 0.13591790514930413, 0.13634209698043487
7.367367367367367, 0.13573324268938783, 0.13615577235046103
7.377377377377377, 0.13554908118912715, 0.1359699531907853
7.387387387387387, 0.1353654186150483, 0.13578463744959787
7.397397397397397, 0.13518225294463, 0.13559982308614063
7.407407407407407, 0.1349995821662304, 0.1354155080706336
7.4174174174174174, 0.1348174042790147, 0.1352316903842017
7.4274274274274275, 0.13463571729288332, 0.13504836801880218
7.4374374374374375, 0.13445451922840032, 0.13486553897715284
7.4474474474474475, 0.1342738081167231, 0.13468320127266048
7.4574574574574575, 0.13409358199953178, 0.13450135292935003
7.4674674674674675, 0.13391383892895978, 0.13431999198179453
7.4774774774774775, 0.13373457696752464, 0.1341391164750449
7.4874874874874875, 0.1335557941880595, 0.13395872446456122
7.4974974974974975, 0.13337748867364496, 0.13377881401614392
7.5075075075075075, 0.13319965851754176, 0.13359938320586548
7.5175175175175175, 0.13302230182312358, 0.13342043012000307
7.5275275275275275, 0.1328454167038107, 0.13324195285497134
7.5375375375375375, 0.13266900128300416, 0.13306394951725595
7.5475475475475475, 0.13249305369402004, 0.13288641822334743
7.5575575575575575, 0.1323175720800248, 0.1327093570996759
7.5675675675675675, 0.1321425545939707, 0.1325327642825457
7.5775775775775776, 0.131967999398532, 0.1323566379180712
7.587587587587588, 0.13179390466604138, 0.13218097616211255
7.597597597597598, 0.13162026857842712, 0.13200577718021234
7.607607607607608, 0.13144708932715055, 0.13183103914753241
7.617617617617618, 0.13127436511314403, 0.13165676024879147
7.627627627627628, 0.1311020941467497, 0.1314829386782028
7.637637637637638, 0.13093027464765808, 0.1313095726394129
7.647647647647648, 0.13075890484484778, 0.13113666034544028
7.657657657657658, 0.1305879829765253, 0.13096420001861472
7.667667667667668, 0.13041750729006535, 0.13079218989051727
7.677677677677678, 0.13024747604195178, 0.1306206282019203
7.687687687687688, 0.13007788749771865, 0.13044951320272843
7.697697697697698, 0.12990873993189225, 0.13027884315191957
7.707707707707708, 0.1297400316279329, 0.13010861631748663
7.717717717717718, 0.12957176087817784, 0.12993883097637954
7.727727727727728, 0.12940392598378408, 0.1297694854144479
7.737737737737738, 0.12923652525467197, 0.12960057792638366
7.747747747747748, 0.12906955700946907, 0.12943210681566483
7.757757757757758, 0.12890301957545441, 0.12926407039449905
7.767767767767768, 0.12873691128850334, 0.12909646698376792
7.777777777777778, 0.12857123049303257, 0.12892929491297164
7.787787787787788, 0.12840597554194585, 0.12876255252017413
7.797797797797798, 0.12824114479657994, 0.12859623815194848
7.807807807807808, 0.12807673662665092, 0.12843035016332288
7.817817817817818, 0.12791274941020106, 0.12826488691772692
7.827827827827828, 0.127749181533546, 0.1280998467869382
7.837837837837838, 0.12758603139122238, 0.12793522815102967
7.847847847847848, 0.12742329738593566, 0.12777102939831705
7.857857857857858, 0.12726097792850874, 0.12760724892530656
7.867867867867868, 0.1270990714378306, 0.12744388513664354
7.877877877877878, 0.12693757634080538, 0.12728093644506072
7.887887887887888, 0.12677649107230202, 0.12711840127132773
7.897897897897898, 0.1266158140751041, 0.1269562780442003
7.907907907907908, 0.12645554379986015, 0.12679456520037
7.917917917917918, 0.12629567870503433, 0.12663326118441476
7.927927927927928, 0.12613621725685725, 0.12647236444874904
7.937937937937938, 0.12597715792927766, 0.1263118734535751
7.947947947947948, 0.12581849920391397, 0.12615178666683413
7.957957957957958, 0.1256602395700063, 0.12599210256415788
7.967967967967968, 0.1255023775243692, 0.12583281962882092
7.977977977977978, 0.12534491157134414, 0.1256739363516926
7.987987987987988, 0.12518784022275295, 0.12551545123119026
7.997997997997998, 0.12503116199785103, 0.12535736277323192
8.008008008008009, 0.12487487542328145, 0.12519966949118985
8.018018018018019, 0.12471897903302902, 0.12504236990584447
8.028028028028029, 0.12456347136837477, 0.12488546254533814
8.038038038038039, 0.12440835097785088, 0.12472894594512995
8.048048048048049, 0.12425361641719583, 0.12457281864795021
8.058058058058059, 0.12409926624930989, 0.12441707920375575
8.068068068068069, 0.12394529904421107, 0.12426172616968532
8.078078078078079, 0.12379171337899113, 0.12410675811001533
8.088088088088089, 0.12363850783777215, 0.12395217359611588
8.098098098098099, 0.12348568101166338, 0.12379797120640726
8.108108108108109, 0.12333323149871826, 0.12364414952631671
8.118118118118119, 0.12318115790389189, 0.12349070714823539
8.128128128128129, 0.12302945883899881, 0.12333764267147569
8.138138138138139, 0.12287813292267097, 0.12318495470222907
8.148148148148149, 0.12272717878031617, 0.12303264185352383
8.158158158158159, 0.12257659504407666, 0.12288070274518358
8.168168168168169, 0.12242638035278812, 0.1227291360037857
8.178178178178179, 0.12227653335193886, 0.12257794026262027
8.188188188188189, 0.12212705269362947, 0.12242711416164918
8.198198198198199, 0.12197793703653259, 0.12227665634746578
8.208208208208209, 0.12182918504585304, 0.12212656547325446
8.218218218218219, 0.12168079539328822, 0.1219768401987508
8.228228228228229, 0.12153276675698893, 0.12182747919020193
8.238238238238239, 0.12138509782152018, 0.12167848112032711
8.248248248248249, 0.12123778727782265, 0.12152984466827868
8.258258258258259, 0.12109083382317402, 0.12138156851960323
8.268268268268269, 0.12094423616115102, 0.12123365136620318
8.278278278278279, 0.1207979930015913, 0.12108609190629835
8.288288288288289, 0.12065210306055602, 0.1209388888443881
8.298298298298299, 0.12050656506029227, 0.12079204089121366
8.308308308308309, 0.12036137772919613, 0.1206455467637206
8.318318318318319, 0.12021653980177578, 0.12049940518502171
8.328328328328329, 0.12007205001861494, 0.12035361488436018
8.338338338338339, 0.11992790712633652, 0.12020817459707271
8.348348348348349, 0.11978410987756662, 0.12006308306455347
8.358358358358359, 0.11964065703089871, 0.11991833903421772
8.368368368368369, 0.1194975473508581, 0.11977394125946605
8.378378378378379, 0.11935477960786665, 0.1196298884996488
8.388388388388389, 0.11921235257820774, 0.11948617952003061
8.398398398398399, 0.1190702650439914, 0.11934281309175543
8.408408408408409, 0.11892851579311993, 0.11919978799181154
8.418418418418419, 0.1187871036192534, 0.11905710300299703
8.428428428428429, 0.11864602732177575, 0.1189147569138854
8.438438438438439, 0.1185052857057609, 0.1187727485187914
8.448448448448449, 0.11836487758193917, 0.11863107661773724
8.458458458458459, 0.11822480176666396, 0.11848974001641885
8.468468468468469, 0.1180850570818786, 0.11834873752617249
8.478478478478479, 0.11794564235508351, 0.11820806796394163
8.488488488488489, 0.11780655641930352, 0.11806773015224392
8.498498498498499, 0.11766779811305547, 0.11792772291913854
8.508508508508509, 0.11752936628031604, 0.11778804509819372
8.518518518518519, 0.11739125977048974, 0.11764869552845439
8.528528528528529, 0.11725347743837718, 0.11750967305441026
8.538538538538539, 0.1171160181441435, 0.11737097652596401
8.548548548548549, 0.1169788807532872, 0.11723260479839955
8.558558558558559, 0.1168420641366089, 0.11709455673235089
8.568568568568569, 0.11670556717018056, 0.11695683119377077
8.578578578578579, 0.11656938873531478, 0.11681942705389986
8.588588588588589, 0.11643352771853441, 0.116682343189236
8.598598598598599, 0.11629798301154227, 0.11654557848150368
8.608608608608609, 0.11616275351119111, 0.11640913181762381
8.618618618618619, 0.11602783811945389, 0.11627300208968348
8.62862862862863, 0.11589323574339401, 0.11613718819490634
8.63863863863864, 0.11575894529513608, 0.1160016890356226
8.64864864864865, 0.1156249656918366, 0.11586650351923987
8.65865865865866, 0.115491295855655, 0.11573163055821373
8.66866866866867, 0.11535793471372481, 0.11559706907001868
8.67867867867868, 0.1152248811981251, 0.11546281797711935
8.68868868868869, 0.11509213424585205, 0.11532887620694167
8.6986986986987, 0.11495969279879069, 0.11519524269184463
8.70870870870871, 0.11482755580368696, 0.11506191636909184
8.71871871871872, 0.11469572221211984, 0.11492889618082347
8.72872872872873, 0.11456419098047367, 0.11479618107402849
8.73873873873874, 0.11443296106991079, 0.11466377000051675
8.74874874874875, 0.1143020314463442, 0.11453166191689164
8.75875875875876, 0.11417140108041052, 0.11439985578452272
8.76876876876877, 0.11404106894744308, 0.11426835056951862
8.77877877877878, 0.11391103402744523, 0.11413714524269998
8.78878878878879, 0.11378129530506377, 0.11400623877957275
8.7987987987988, 0.11365185176956265, 0.11387563016030165
8.80880880880881, 0.11352270241479674, 0.11374531836968374
8.81881881881882, 0.1133938462391859, 0.11361530239712204
8.82882882882883, 0.11326528224568916, 0.11348558123659978
8.83883883883884, 0.11313700944177896, 0.11335615388665415
8.84884884884885, 0.11300902683941584, 0.11322701935035098
8.85885885885886, 0.11288133345502305, 0.11309817663525892
8.86886886886887, 0.11275392830946142, 0.1129696247534242
8.87887887887888, 0.11262681042800445, 0.11284136272134553
8.88888888888889, 0.11249997884031343, 0.11271338955994883
8.8988988988989, 0.11237343258041294, 0.11258570429456272
8.90890890890891, 0.11224717068666624, 0.1124583059548935
8.91891891891892, 0.11212119220175114, 0.11233119357500092
8.92892892892893, 0.11199549617263567, 0.11220436619327365
8.93893893893894, 0.1118700816505543, 0.11207782285240506
8.94894894894895, 0.11174494769098398, 0.11195156259936942
8.95895895895896, 0.11162009335362058, 0.11182558448539782
8.96896896896897, 0.11149551770235533, 0.11169988756595449
8.97897897897898, 0.11137121980525153, 0.11157447090071333
8.98898898898899, 0.11124719873452128, 0.1114493335535344
8.998998998999, 0.11112345356650256, 0.11132447459244084
9.00900900900901, 0.11099998338163633, 0.11119989308959563
9.01901901901902, 0.11087678726444365, 0.11107558812127875
9.02902902902903, 0.11075386430350333, 0.11095155876786435
9.03903903903904, 0.11063121359142937, 0.11082780411379814
9.04904904904905, 0.11050883422484865, 0.11070432324757488
9.05905905905906, 0.11038672530437893, 0.11058111526171614
9.06906906906907, 0.11026488593460673, 0.11045817925274798
9.07907907907908, 0.11014331522406555, 0.11033551432117902
9.08908908908909, 0.11002201228521419, 0.11021311957147852
9.0990990990991, 0.10990097623441512, 0.11009099411205454
9.10910910910911, 0.10978020619191317, 0.10996913705523252
9.11911911911912, 0.10965970128181415, 0.10984754751723357
9.12912912912913, 0.10953946063206381, 0.1097262246181534
9.13913913913914, 0.10941948337442674, 0.10960516748194093
9.14914914914915, 0.1092997686444656, 0.10948437523637736
9.15915915915916, 0.1091803155815204, 0.1093638470130552
9.16916916916917, 0.1090611233286878, 0.10924358194735749
9.17917917917918, 0.10894219103280078, 0.1091235791784373
9.18918918918919, 0.1088235178444083, 0.10900383784919702
9.1991991991992, 0.10870510291775501, 0.10888435710626806
9.20920920920921, 0.10858694541076132, 0.10876513609999078
9.21921921921922, 0.10846904448500341, 0.10864617398439406
9.22922922922923, 0.10835139930569347, 0.10852746991717566
9.23923923923924, 0.10823400904165992, 0.10840902305968211
9.24924924924925, 0.108116872865328, 0.10829083257688915
9.25925925925926, 0.10799998995270035, 0.10817289763738207
9.26926926926927, 0.10788335948333758, 0.10805521741333629
9.27927927927928, 0.10776698064033924, 0.10793779108049793
9.28928928928929, 0.10765085261032474, 0.10782061781816474
9.2992992992993, 0.10753497458341442, 0.10770369680916686
9.30930930930931, 0.10741934575321073, 0.10758702723984792
9.31931931931932, 0.10730396531677955, 0.10747060830004625
9.32932932932933, 0.10718883247463175, 0.10735443918307602
9.33933933933934, 0.10707394643070457, 0.10723851908570876
9.34934934934935, 0.10695930639234341, 0.1071228472081548
9.35935935935936, 0.10684491157028358, 0.10700742275404496
9.36936936936937, 0.10673076117863228, 0.1068922449304122
9.37937937937938, 0.10661685443485056, 0.10677731294767362
9.38938938938939, 0.10650319055973542, 0.10666262601961227
9.3993993993994, 0.10638976877740222, 0.10654818336335943
9.40940940940941, 0.10627658831526691, 0.10643398419937676
9.41941941941942, 0.10616364840402857, 0.10632002775143849
9.42942942942943, 0.10605094827765196, 0.1062063132466141
9.43943943943944, 0.10593848717335028, 0.10609283991525056
9.44944944944945, 0.10582626433156793, 0.10597960699095531
9.45945945945946, 0.10571427899596347, 0.1058666137105788
9.46946946946947, 0.10560253041339264, 0.10575385931419747
9.47947947947948, 0.10549101783389149, 0.10564134304509665
9.48948948948949, 0.10537974051065958, 0.10552906414975377
9.4994994994995, 0.10526869770004342, 0.10541702187782144
9.50950950950951, 0.10515788866151984, 0.10530521548211086
9.51951951951952, 0.1050473126576796, 0.10519364421857512
9.52952952952953, 0.10493696895421101, 0.10508230734629281
9.53953953953954, 0.1048268568198837, 0.10497120412745158
9.54954954954955, 0.10471697552653256, 0.10486033382733188
9.55955955955956, 0.10460732434904156, 0.10474969571429076
9.56956956956957, 0.10449790256532798, 0.10463928905974583
9.57957957957958, 0.10438870945632646, 0.10452911313815927
9.58958958958959, 0.10427974430597325, 0.10441916722702188
9.5995995995996, 0.10417100640119073, 0.10430945060683747
9.60960960960961, 0.10406249503187166, 0.10419996256110699
9.61961961961962, 0.10395420949086392, 0.10409070237631311
9.62962962962963, 0.10384614907395504, 0.10398166934190461
9.63963963963964, 0.10373831307985702, 0.10387286275028104
9.64964964964965, 0.10363070081019111, 0.10376428189677744
9.65965965965966, 0.10352331156947286, 0.10365592607964919
9.66966966966967, 0.10341614466509698, 0.10354779460005675
9.67967967967968, 0.10330919940732261, 0.10343988676205083
9.68968968968969, 0.1032024751092585, 0.10333220187255734
9.6996996996997, 0.1030959710868483, 0.10322473924136265
9.70970970970971, 0.1029896866588559, 0.10311749818109878
9.71971971971972, 0.10288362114685105, 0.10301047800722879
9.72972972972973, 0.10277777387519484, 0.10290367803803235
9.73973973973974, 0.10267214417102537, 0.10279709759459099
9.74974974974975, 0.10256673136424353, 0.10269073600077401
9.75975975975976, 0.10246153478749889, 0.10258459258322408
9.76976976976977, 0.10235655377617549, 0.10247866667134299
9.77977977977978, 0.10225178766837797, 0.10237295759727762
9.78978978978979, 0.10214723580491768, 0.10226746469590586
9.7997997997998, 0.10204289752929878, 0.10216218730482275
9.80980980980981, 0.10193877218770456, 0.10205712476432652
9.81981981981982, 0.10183485912898378, 0.10195227641740491
9.82982982982983, 0.10173115770463713, 0.10184764160972141
9.83983983983984, 0.1016276672688037, 0.10174321968960173
9.84984984984985, 0.10152438717824769, 0.10163901000802023
9.85985985985986, 0.10142131679234494, 0.10153501191858644
9.86986986986987, 0.10131845547306975, 0.10143122477753189
9.87987987987988, 0.10121580258498186, 0.10132764794369663
9.88988988988989, 0.10111335749521315, 0.10122428077851608
9.8998998998999, 0.10101111957345478, 0.10112112264600803
9.90990990990991, 0.10090908819194426, 0.10101817291275948
9.91991991991992, 0.10080726272545258, 0.10091543094791372
9.92992992992993, 0.10070564255127147, 0.1008128961231575
9.93993993993994, 0.10060422704920066, 0.10071056781270812
9.94994994994995, 0.10050301560153538, 0.10060844539330091
9.95995995995996, 0.1004020075930537, 0.10050652824417627
9.96996996996997, 0.10030120241100418, 0.10040481574706746
9.97997997997998, 0.10020059944509341, 0.1003033072861878
9.98998998998999, 0.10010019808747374, 0.10020200224821846
10.0, 0.09999999773273102, 0.10010090002229595
