Temperature,Reaction rate Au [mol / (m2 s)],Reaction rate Pt [mol / (m2 s)],Reaction rate Rh [mol / (m2 s)]
100.0,8.483970011012268e-37,5.648442036775825e-53,7.564304607133225e-72
101.90190190190191,1.8530328976271522e-36,1.0640156018337958e-51,1.5225497838085736e-70
103.8038038038038,3.9330942630866954e-36,1.7998872327495293e-50,2.74534696686164e-69
105.70570570570571,8.12500971283448e-36,2.7500621218417497e-49,4.4609266479450185e-68
107.6076076076076,1.635970144864736e-35,3.815779344824256e-48,6.568278636610409e-67
109.50950950950951,3.214912291660232e-35,4.832238517402913e-47,8.808597177903499e-66
111.41141141141141,6.173704620083537e-35,5.611380777612188e-46,1.0811063136828529e-64
113.31331331331332,1.1598716106866738e-34,6.001265946639578e-45,1.2197611802522926e-63
115.21521521521521,2.1341868083436066e-34,5.935237352052712e-44,1.2703876299133097e-62
117.11711711711712,3.849939196489464e-34,5.44892372407069e-43,1.2261552241721134e-61
119.01901901901903,6.815324951766124e-34,4.660261755572377e-42,1.1007454624052935e-60
120.92092092092092,1.1849960743916304e-33,3.7255369560122407e-41,9.222431292887519e-60
122.82282282282281,2.0253839264635675e-33,2.7925986417015196e-40,7.2345892119894734e-59
124.72472472472472,3.405636238130123e-33,1.96855823030837e-39,5.329667806030303e-58
126.62662662662663,5.637797985203563e-33,1.308610125791472e-38,3.6977158667774235e-57
128.52852852852854,9.194795611956659e-33,8.224804129771303e-38,2.422538108365388e-56
130.43043043043042,1.478357194166293e-32,4.899583508015684e-37,1.5024515539041092e-55
132.33233233233233,2.3447067079536963e-32,2.7727765619122565e-36,8.84198145290713e-55
134.23423423423424,3.6704684894932365e-32,1.4939621312484666e-35,4.948644924975772e-54
136.13613613613614,5.674351043950796e-32,7.679399612788322e-35,2.6395187789372434e-53
138.03803803803805,8.667571098790794e-32,3.773310723672892e-34,1.3444009214526674e-52
139.93993993993993,1.3088133184121655e-31,1.7755143827985457e-33,6.551115906496872e-52
141.84184184184184,1.9546015769576243e-31,8.01471238652682e-33,3.059547810287891e-51
143.74374374374375,2.88821520241989e-31,3.4763982752897293e-32,1.371787411730944e-50
145.64564564564563,4.2244695885352185e-31,1.4511996259329485e-31,5.914225481439102e-50
147.54754754754754,6.1186754516278274e-31,5.838804302289921e-31,2.4555486854241372e-49
149.44944944944945,8.779055187556982e-31,2.267409372261607e-30,9.832488253914445e-49
151.35135135135135,1.2482386963460471e-30,8.50989843868884e-30,3.802206968278863e-48
153.25325325325326,1.7593559463701492e-30,3.0907029116132325e-29,1.421769741388322e-47
155.15515515515517,2.458982888556746e-30,1.087554744724215e-28,5.147307351441965e-47
157.05705705705705,3.409068893496607e-30,3.7119534820163283e-28,1.806335471215058e-46
158.95895895895896,4.6894394152560934e-30,1.230221633956856e-27,6.151342852687119e-46
160.86086086086087,6.402231669109402e-30,3.963164393425048e-27,2.0349673162149086e-45
162.76276276276275,8.677246627920706e-30,1.2422378327491062e-26,6.546392817902065e-45
164.66466466466466,1.1678366198460373e-29,3.792065872127848e-26,2.0498616948494834e-44
166.56656656656656,1.5611201179160674e-29,1.128337893503408e-25,6.253547779575977e-44
168.46846846846847,2.0732153102174663e-29,3.2753532058130484e-25,1.8603352083490792e-43
170.37037037037038,2.735909121677375e-29,9.282744781374711e-25,5.401135163912994e-43
172.2722722722723,3.588386455368884e-29,2.5705021697054857e-24,1.5316449515555255e-42
174.17417417417417,4.678688808159725e-29,6.959646539839476e-24,4.2456598669191295e-42
176.07607607607608,6.065406127478698e-29,1.8436078162441763e-23,1.1512421513200608e-41
177.97797797797796,7.819629679051006e-29,4.781082928614509e-23,3.055830170249763e-41
179.87987987987987,1.0027195623138558e-28,1.2145172442732378e-22,7.945596089793249e-41
181.78178178178177,1.2791250896038632e-28,3.0235852375441585e-22,2.025069302461031e-40
183.68368368368368,1.6235174845611614e-28,7.380407046131612e-22,5.062198571775055e-40
185.5855855855856,2.0505891855378612e-28,1.767062942030656e-21,1.2418897153714337e-39
187.4874874874875,2.5777611892152758e-28,4.151311518508717e-21,2.991711018232296e-39
189.3893893893894,3.2256037508305726e-28,9.571948454771466e-21,7.080879902841426e-39
191.2912912912913,4.018307730311687e-28,2.1666430852305898e-20,1.6474587131645566e-38
193.1931931931932,4.984210718031183e-28,4.815094434857599e-20,3.7698260656977233e-38
195.09509509509508,6.156382191387244e-28,1.0506964593229577e-19,8.488260879151593e-38
196.99699699699698,7.573272053550135e-28,2.251095414331455e-19,1.8815240425529936e-37
198.8988988988989,9.279426987005181e-28,4.734860910904708e-19,4.1076149277110835e-37
200.8008008008008,1.1326279115646724e-27,9.775359567068256e-19,8.835811158467866e-37
202.7027027027027,1.3773011508954495e-27,1.980385391950787e-18,1.87353012500432e-36
204.60460460460462,1.668750507920607e-27,3.935532181263438e-18,3.917478025533827e-36
206.50650650650653,2.0147371416914047e-27,7.668485319752867e-18,8.080751613778957e-36
208.4084084084084,2.4241076080073754e-27,1.4644022615288375e-17,1.644969283963412e-35
210.3103103103103,2.9069156798911098e-27,2.7392635628975594e-17,3.3058289438133684e-35
212.2122122122122,3.474554097935338e-27,5.0165468547540266e-17,6.560993889358236e-35
214.1141141141141,4.139896678534599e-27,8.989989632440102e-17,1.2863831614839992e-34
216.016016016016,4.917451195249751e-27,1.575826034327467e-16,2.49242561472143e-34
217.91791791791792,5.8235234333674004e-27,2.70088004178783e-16,4.773753860091846e-34
219.81981981981983,6.876392800153826e-27,4.525434963254904e-16,9.040947401390209e-34
221.72172172172174,8.096499853430969e-27,7.412307990709071e-16,1.69359532589419e-33
223.62362362362364,9.506646089000168e-27,1.186983039848212e-15,3.1388353770624324e-33
225.52552552552552,1.11322063032046e-26,1.8589952405317712e-15,5.757155093891821e-33
227.42742742742743,1.3001353820666044e-26,2.8489482242306573e-15,1.0453006081589504e-32
229.32932932932934,1.5145298849075533e-26,4.275364470872008e-15,1.8792215513409416e-32
231.23123123123122,1.7598540192999898e-26,6.288169757540794e-15,3.345987317619822e-32
233.13313313313313,2.0399130527129042e-26,9.073514630769421e-15,5.901775419253e-32
235.03503503503504,2.358895539638657e-26,1.2858994784371491e-14,1.0314599953669151e-31
236.93693693693695,2.721402607602179e-26,1.7919479017449332e-14,1.7866088087261656e-31
238.83883883883883,3.13247863893616e-26,2.4583794687384138e-14,3.067657842571936e-31
240.74074074074073,3.597643354448907e-26,3.324253119082436e-14,5.222455930996483e-31
242.64264264264264,4.122925301392565e-26,4.43572089219033e-14,8.816988995849635e-31
244.54454454454455,4.714896744357589e-26,5.84710359381461e-14,1.4764813960789165e-30
246.44644644644646,5.380709953894939e-26,7.622144859217514e-14,2.4528993758096443e-30
248.34834834834834,6.128134883816088e-26,9.835461369861574e-14,4.043476821968586e-30
250.25025025025025,6.965598224261278e-26,1.2574206214681156e-13,6.615012053187001e-30
252.15215215215215,7.902223813774071e-26,1.5939962739926296e-13,1.0741908295376354e-29
254.05405405405406,8.947874389794678e-26,2.005088750185454e-13,1.7317284272516516e-29
255.95595595595594,1.0113194653196906e-25,2.5044122842228933e-13,2.7720173921830077e-29
257.8578578578579,1.1409655618766697e-25,3.1078501879759594e-13,4.4065442409445817e-29
259.75975975975973,1.284960021985917e-25,3.8337571143951015e-13,6.957489202287393e-29
261.6616616616617,1.4446290131902897e-25,4.703295853530925e-13,1.0912479676425575e-28
263.56356356356355,1.6213953775942142e-25,5.740811670281541e-13,1.7004868515350398e-28
265.46546546546546,1.816783546005082e-25,6.974247425570387e-13,2.6330715832278244e-28
267.36736736736736,2.0324245613208453e-25,8.435602946844468e-13,4.051823511105127e-28
269.2692692692693,2.2700612063127263e-25,1.0161442330587663e-12,6.197179631863397e-28
271.1711711711712,2.53155323065557e-25,1.2193453070464158e-12,9.422127971383666e-28
273.07307307307303,2.8188826717775858e-25,1.457906111118591e-12,1.4241946488716156e-27
274.974974974975,3.1341592638363807e-25,1.7372106131363456e-12,2.1404630252526407e-27
276.87687687687685,3.479625928879853e-25,2.0633581559175135e-12,3.1990077108763384e-27
278.7787787787788,3.857664344020146e-25,2.4432444023032526e-12,4.754904196843948e-27
280.68068068068067,4.270800578235158e-25,2.884649713550445e-12,7.029680477646357e-27
282.5825825825826,4.7217107922182685e-25,3.396335470238717e-12,1.033817380680817e-26
284.4844844844845,5.213226994519666e-25,3.988148863946037e-12,1.5125590661758452e-26
286.3863863863864,5.748342847066277e-25,4.67113670666272e-12,2.2018399587552738e-26
288.2882882882883,6.330219513008001e-25,5.457668823203376e-12,3.189388999067012e-26
290.19019019019015,6.962191539718679e-25,6.3615716096751944e-12,4.597480308014715e-26
292.0920920920921,7.647772769680192e-25,7.3982723582816e-12,6.59574885118799e-26
293.99399399399397,8.390662271895018e-25,8.584954965308664e-12,9.418469331831941e-26
295.89589589589593,9.19475028641174e-25,9.940727654982372e-12,1.3387751300836064e-25
297.7977977977978,1.0064124174500982e-24,1.1486803366903538e-11,1.894454336085582e-25
299.6996996996997,1.1003074366995602e-24,1.3246693468914698e-11,2.668990229282912e-25
301.6016016016016,1.201610030329823e-24,1.524641547042039e-11,3.743970050418125e-25
303.5035035035035,1.3107916353569623e-24,1.751471542333287e-11,5.229685628566652e-25
305.4054054054054,1.4283457716637122e-24,2.008330570885144e-11,7.27463237296881e-25
307.30730730730727,1.5547886286204524e-24,2.2987118918160806e-11,1.00779531236539e-24
309.20920920920923,1.690659647800364e-24,2.626457854377857e-11,1.3905678053665053e-24
311.1111111111111,1.8365221010600863e-24,2.9957887205639557e-11,1.9111839858838737e-24
313.01301301301305,1.9929636632662207e-24,3.4113333142030275e-11,2.61658277267448e-24
314.9149149149149,2.1605969789580667e-24,3.878161570011258e-11,3.568769667260572e-24
316.8168168168168,2.340060222248921e-24,4.401819056397895e-11,4.849358594728531e-24
318.7187187187187,2.532017649280723e-24,4.9883635459900024e-11,6.565393954931516e-24
320.6206206206206,2.7371601425614965e-24,5.644403707864658e-11,8.856788513181532e-24
322.52252252252254,2.956205746529828e-24,6.377139995344194e-11,1.1905794064608615e-23
324.4244244244244,3.1899001937070998e-24,7.194407802918685e-11,1.594902115972112e-23
326.32632632632635,3.439017420815762e-24,8.104722965415643e-11,2.129264521145184e-23
328.2282282282282,3.7043600742596006e-24,9.117329671922635e-11,2.8331583299428073e-23
330.13013013013017,3.9867600043819384e-24,1.0242250866201756e-10,3.7573603983089676e-23
332.032032032032,4.287078747936371e-24,1.1490341204398077e-10,4.966954733939913e-23
333.93393393393393,4.60620799822672e-24,1.2873342639746404e-10,6.545109116189824e-23
335.83583583583584,4.945070062392656e-24,1.4403942702722692e-10,8.59778098519675e-23
337.73773773773775,5.3046183053403095e-24,1.6095835543656674e-10,1.125956443694095e-22
339.63963963963965,5.6858375798389564e-24,1.796378580323885e-10,1.470093455538885e-22
341.5415415415415,6.0897446423277916e-24,2.0023695374603356e-10,1.9137198175065936e-22
343.44344344344347,6.5173885539998205e-24,2.2292673118758565e-10,2.4839522947470734e-22
345.3453453453453,6.969851066753261e-24,2.478910759306361e-10,3.2148490951502597e-22
347.2472472472473,7.4482469936249e-24,2.7532742850225513e-10,4.1490710957114336e-22
349.14914914914914,7.953724563342887e-24,3.054475736289271e-10,5.33991270161743e-22
351.05105105105105,8.4874657586613e-24,3.384784612639396e-10,6.853778282063792e-22
352.95295295295296,9.050686638162187e-24,3.7466305989449803e-10,8.773194409069464e-22
354.85485485485486,9.644637641235021e-24,4.14261242598488e-10,1.1200464838076112e-21
356.7567567567568,1.0270603875967995e-23,4.5755070629060516e-10,1.4262094680069731e-21
358.6586586586587,1.0929905389708176e-23,5.048279245658223e-10,1.8114132941027694e-21
360.56056056056053,1.1623897422073325e-23,5.564091345151439e-10,2.2948609016142413e-21
362.46246246246244,1.2353970640219615e-23,6.126313578535136e-10,2.900126935359499e-21
364.36436436436435,1.3121551356194585e-23,6.738534566634203e-10,3.656085594157785e-21
366.26626626626626,1.3928101726226922e-23,7.404572240195048e-10,4.5980209191350754e-21
368.16816816816817,1.4775119931827542e-23,8.128485097195982e-10,5.768952493680285e-21
370.0700700700701,1.56641403425993e-23,8.914583813057701e-10,7.221214948341298e-21
371.971971971972,1.6596733660674752e-23,9.767443205152606e-10,9.018335884895979e-21
373.8738738738739,1.7574507046722032e-23,1.0691914552553882e-09,1.1237263958200314e-20
375.7757757757758,1.8599104227482698e-23,1.169313827148235e-09,1.3971006997417835e-20
377.67767767767765,1.967220558482282e-23,1.2776556946403343e-09,1.7331749337517414e-20
379.57957957957956,2.0795528226302718e-23,1.3947928716192311e-09,2.145452810875873e-20
381.48148148148147,2.197082603728729e-23,1.5213341014222918e-09,2.6501560252187485e-20
383.3833833833834,2.3199889714640286e-23,1.6579224660630622e-09,3.2667325664819114e-20
385.2852852852853,2.4484546782064987e-23,1.8052368304370684e-09,4.0184527318280484e-20
387.1871871871872,2.5826661587169036e-23,1.9639933212002216e-09,4.9331066646803357e-20
389.0890890890891,2.7228135280354237e-23,2.1349468399408114e-09,6.043819219224816e-20
390.990990990991,2.8690905775643053e-23,2.3188926101861796e-09,7.390000167426588e-20
392.8928928928929,3.0216947693575084e-23,2.516667757701381e-09,9.018450259486835e-20
394.79479479479477,3.180827228632079e-23,2.7291529234436257e-09,1.0984646448520569e-19
396.6966966966967,3.3466927345174235e-23,2.9572739084365235e-09,1.3354232728116128e-19
398.5985985985986,3.51949970906038e-23,3.202003349717449e-09,1.6204746542455054e-19
400.5005005005005,3.6994602045050915e-23,3.4643624263907154e-09,1.9627614650901993e-19
402.4024024024024,3.8867898888684455e-23,3.745422594686496e-09,2.3730456703691343e-19
404.3043043043043,4.081708029832633e-23,4.046307350777494e-09,2.863973965715059e-19
406.2062062062062,4.2844374769780957e-23,4.3681940199437055e-09,3.4503831574021706e-19
408.1081081081081,4.495204642381028e-23,4.712315570493831e-09,4.1496509368820274e-19
410.01001001001003,4.71423947960073e-23,5.079962450651607e-09,4.982098172574919e-19
411.9119119119119,4.941775461083323e-23,5.472484446391047e-09,5.97144957976068e-19
413.8138138138138,5.1780495540090444e-23,5.89129255795449e-09,7.145360445291355e-19
415.7157157157157,5.423302194611704e-23,6.337860892508748e-09,8.536017984433775e-19
417.6176176176176,5.677777260999214e-23,6.813728570083088e-09,1.018082689984216e-18
419.5195195195195,5.941722044505408e-23,7.320501639582126e-09,1.2123189805367783e-18
421.4214214214214,6.215387219603909e-23,7.8598550012803e-09,1.4413394378591564e-18
423.32332332332334,6.499026812415384e-23,8.433534331764566e-09,1.7109620424578433e-18
425.22522522522524,6.792898167840548e-23,9.043358006806759e-09,2.027908147901502e-18
427.12712712712715,7.097261915351434e-23,9.691219017101295e-09,2.3999317161731126e-18
429.029029029029,7.412381933474249e-23,1.0379086871193688e-08,2.8359654222451946e-18
430.9309309309309,7.73852531299779e-23,1.1109009479247498e-08,3.3462856110889533e-18
432.8328328328328,8.075962318941105e-23,1.1883115010535148e-08,3.942698296507796e-18
434.73473473473473,8.424966351315744e-23,1.2703613716696854e-08,4.638748615799418e-18
436.63663663663664,8.785813904716677e-23,1.357279971186601e-08,5.4499563986439784e-18
438.53853853853855,9.158784526777894e-23,1.449305269971541e-08,6.3940807742190015e-18
440.44044044044045,9.544160775527523e-23,1.546683963631335e-08,7.49141702884752e-18
442.34234234234236,9.942228175678539e-23,1.649671631638961e-08,8.765129239071059e-18
444.2442442442442,1.03532751738908e-22,1.758532886918095e-08,1.0241622543561944e-17
446.1461461461461,1.0777593093040292e-22,1.8735415148446625e-08,1.195095928348011e-17
448.04804804804803,1.1215476085531644e-22,1.994980599949363e-08,1.392732363655259e-17
449.94994994994994,1.1667221085690077e-22,2.1231426384131543e-08,1.620953979722636e-17
451.85185185185185,1.2133127761268896e-22,2.2583296342353588e-08,1.884164921567751e-17
453.75375375375376,1.2613498464108103e-22,2.4008531767214418e-08,2.187355290434897e-17
455.65565565565566,1.3108638179980983e-22,2.5510344966820587e-08,2.5361725354180764e-17
457.5575575575576,1.361885447766365e-22,2.7092044984555945e-08,2.9370007176048016e-17
459.4594594594595,1.4144457457263798e-22,2.8757037645616456e-08,3.397048419845688e-17
461.36136136136133,1.4685759697844024e-22,3.0508825294598065e-08,3.924446141271984e-17
463.26326326326324,1.524307620437542e-22,3.235100618527874e-08,4.5283540864135637e-17
465.16516516516515,1.5816724354055718e-22,3.428727347981049e-08,5.219081334474168e-17
467.06706706706706,1.6407023842028309e-22,3.6321413810309206e-08,6.00821745527234e-17
468.96896896896897,1.7014296626535135e-22,3.845730535126448e-08,6.908777724829439e-17
470.8708708708709,1.7638866873539005e-22,4.069891534629821e-08,7.935363185871972e-17
472.7727727727728,1.8281060900848954e-22,4.3050297027534874e-08,9.104336896911341e-17
474.6746746746747,1.8941207121781701e-22,4.551558586026966e-08,1.0434017818371021e-16
476.5765765765766,1.9619635988393651e-22,4.809899503966893e-08,1.1944893895772967e-16
478.47847847847845,2.0316679934315066e-22,5.080481015994618e-08,1.3659856018583069e-16
480.38038038038036,2.1032673317219993e-22,5.36373829698727e-08,1.5604454659290555e-16
482.28228228228227,2.1767952360963004e-22,5.660112412155382e-08,1.7807181130996735e-16
484.1841841841842,2.2522855097415307e-22,5.970049481225714e-08,2.0299775543558632e-16
486.0860860860861,2.329772130803065e-22,6.293999721167509e-08,2.31175636885272e-16
487.987987987988,2.409289246517191e-22,6.632416355948669e-08,2.629982524211467e-16
489.8898898898899,2.490871167322907e-22,6.985754381046833e-08,2.989019584357416e-16
491.7917917917918,2.574552360955743e-22,7.354469169682243e-08,3.39371057840606e-16
493.6936936936937,2.660367446526604e-22,7.739014906997692e-08,3.8494258228664683e-16
495.59559559559557,2.748351188588446e-22,8.13984283769814e-08,4.362115009222288e-16
497.4974974974975,2.838538491193644e-22,8.557399312000029e-08,4.938363889816636e-16
499.3993993993994,2.9309643919448034e-22,8.992123614145777e-08,5.585455916939786e-16
501.3013013013013,3.025664056041685e-22,9.444445557242781e-08,6.311439213146785e-16
503.2032032032032,3.12267277032698e-22,9.914782827811827e-08,7.125199275151631e-16
505.1051051051051,3.222025937333458e-22,1.0403538063217365e-07,8.0365378391987475e-16
507.007007007007,3.3237590693350527e-22,1.0911095645134896e-07,9.056258362642776e-16
508.9089089089089,3.4279077824044086e-22,1.1437818192439891e-07,1.0196258604618886e-15
510.81081081081084,3.534507790479256e-22,1.198404273741899e-07,1.1469630818192657e-15
512.7127127127127,3.643594899440033e-22,1.2550076570073493e-07,1.2890770097296445e-15
514.6146146146145,3.7552050012010736e-22,1.3136192736560907e-07,1.4475491454115379e-15
516.5165165165165,3.869374067817597e-22,1.3742625179574017e-07,1.6241156236439397e-15
518.4184184184185,3.9861381456106835e-22,1.4369563510757617e-07,1.820680852987366e-15
520.3203203203203,4.105533349312438e-22,1.501714740819397e-07,2.0393322226760153e-15
522.2222222222222,4.227595856233404e-22,1.5685460635622048e-07,2.2823559482232768e-15
524.1241241241241,4.352361900454207e-22,1.6374524684480775e-07,2.5522541318059882e-15
526.0260260260261,4.479867767043466e-22,1.7084292045171872e-07,2.851763117686184e-15
527.927927927928,4.61014978630385e-22,1.7814639120191246e-07,3.1838732272968293e-15
529.8298298298298,4.7432443280482055e-22,1.8565358799074388e-07,3.5518499631637846e-15
531.7317317317318,4.879187795907437e-22,1.933615272349471e-07,3.959256775564981e-15
533.6336336336336,5.018016621671939e-22,2.0126623280411097e-07,4.4099794907420255e-15
535.5355355355355,5.1597672596683935e-22,2.0936265371911255e-07,4.9082525045869804e-15
537.4374374374374,5.304476181173314e-22,2.1764458022357456e-07,5.458686851023296e-15
539.3393393393394,5.452179868865156e-22,2.2610455896592608e-07,6.06630025980106e-15
541.2412412412413,5.602914811316356e-22,2.3473380817244202e-07,6.736549324124839e-15
543.1431431431431,5.756717497526908e-22,2.435221338446963e-07,7.475363904436764e-15
545.0450450450451,5.913624411500751e-22,2.5245784817649006e-07,8.289183900791878e-15
546.9469469469469,6.073672026866377e-22,2.6152769155332965e-07,9.18499853259009e-15
548.8488488488488,6.236896801543151e-22,2.7071675966871195e-07,1.0170388270967445e-14
550.7507507507507,6.403335172454235e-22,2.8000843746218625e-07,1.1253569575913142e-14
552.6526526526527,6.573023550287659e-22,2.8938434174945987e-07,1.244344259715603e-14
554.5545545545546,6.745998314306567e-22,2.9882427456919313e-07,1.374964200507552e-14
556.4564564564564,6.92229580720973e-22,3.083061894078782e-07,1.5182591125319307e-14
558.3583583583584,7.101952330043449e-22,3.178061725759332e-07,1.6753559558477714e-14
560.2602602602603,7.285004137165685e-22,3.272984420864712e-07,1.8474724474052564e-14
562.1621621621621,7.4714874312637095e-22,3.367553664242955e-07,2.035923577609535e-14
564.064064064064,7.661438358425893e-22,3.4614750557702935e-07,2.2421285346246973e-14
565.965965965966,7.85489300326854e-22,3.5544367662347417e-07,2.4676180578510645e-14
567.8678678678679,8.051887384118724e-22,3.6461104602714663e-07,2.714042242894397e-14
569.7697697697697,8.252457448253956e-22,3.7361525055668314e-07,2.98317882125209e-14
571.6716716716717,8.456639067199029e-22,3.8242054844254426e-07,3.276941938875152e-14
573.5735735735736,8.664468032081273e-22,3.909900019755558e-07,3.597391458720211e-14
575.4754754754755,8.87598004904439e-22,3.9928569225469133e-07,3.946742813387822e-14
577.3773773773773,9.09121073472188e-22,4.072689661993664e-07,4.3273774349480215e-14
579.2792792792793,9.31019561177031e-22,4.149007152597894e-07,4.7418537900831797e-14
581.1811811811812,9.53297010446311e-22,4.2214168449622384e-07,5.192919049733628e-14
583.083083083083,9.759569534345347e-22,4.289528098676637e-07,5.6835214235086694e-14
584.984984984985,9.990029115950016e-22,4.3529558069137793e-07,6.216823190228589e-14
586.8868868868869,1.0224383952576067e-21,4.4113242333016437e-07,6.796214457090172e-14
588.7887887887888,1.0462669032128756e-21,4.464271012627973e-07,7.42532768109921e-14
590.6906906906906,1.0704919223022476e-21,4.5114512582719883e-07,8.108052987587065e-14
592.5925925925926,1.0951169270146664e-21,4.552541711310888e-07,8.848554321829476e-14
594.4944944944946,1.1201453790894525e-21,4.5872448593844436e-07,9.651286471003356e-14
596.3963963963963,1.145580727125541e-21,4.615292947995205e-07,1.052101299496751e-13
598.2982982982983,1.1714264061970823e-21,4.6364518033258154e-07,1.146282510561724e-13
600.2002002002002,1.1976858374753918e-21,4.6505243841875033e-07,1.248216153585631e-13
602.1021021021021,1.2243624278573137e-21,4.6573539816222647e-07,1.3584829440540712e-13
604.004004004004,1.2514595695999914e-21,4.656826988140062e-07,1.4777026373085261e-13
605.9059059059059,1.2789806399620289e-21,4.648875164650678e-07,1.6065363382780551e-13
607.8078078078079,1.3069290008510763e-21,4.6334773418049506e-07,1.7456889279242442e-13
609.7097097097097,1.3353079984778443e-21,4.610660503532644e-07,1.8959116111818907e-13
611.6116116116116,1.3641209630165326e-21,4.5805002137667515e-07,2.0580045913193747e-13
613.5135135135135,1.3933712082716738e-21,4.5431203622850415e-07,2.2328198757864006e-13
615.4154154154154,1.4230620313513778e-21,4.498692221778607e-07,2.421264218762367e-13
617.3173173173174,1.4531967123470055e-21,4.4474328251039563e-07,2.624302205766607e-13
619.2192192192192,1.4837785140192127e-21,4.3896026885672584e-07,2.8429594858397493e-13
621.1211211211211,1.5148106814903967e-21,4.3255029233858527e-07,3.0783261569574435e-13
623.023023023023,1.5462964419434868e-21,4.2554717925511736e-07,3.331560310489067e-13
624.9249249249249,1.5782390043271077e-21,4.1798807836069386e-07,3.6038917406687395e-13
626.8268268268268,1.610641559067057e-21,4.099130278862981e-07,3.896625825200145e-13
628.7287287287287,1.6435072777841e-21,4.013644912908394e-07,4.211147583274549e-13
630.6306306306307,1.6768393130180609e-21,3.923868712705573e-07,4.548925917437486e-13
632.5325325325325,1.710640797958162e-21,3.830260117921558e-07,4.911518045899485e-13
634.4344344344345,1.744914846179604e-21,3.733286978499966e-07,5.300574132045722e-13
636.3363363363363,1.779664551386358e-21,3.633421622948804e-07,5.717842118058912e-13
638.2382382382382,1.8148929871601363e-21,3.531136084683631e-07,6.16517276973247e-13
640.1401401401401,1.85060320671549e-21,3.4268975653901256e-07,6.644524939711197e-13
642.042042042042,1.8867982426610422e-21,3.3211642041947377e-07,7.157971056559401e-13
643.943943943944,1.9234811067668035e-21,3.2143812099433786e-07,7.707702847218803e-13
645.8458458458458,1.9606547897374772e-21,3.1069774015878454e-07,8.296037300579022e-13
647.7477477477478,1.9983222609918452e-21,2.9993621890644184e-07,8.925422880048843e-13
649.6496496496496,2.0364864684480347e-21,2.891923014580112e-07,9.598445993173063e-13
651.5515515515516,2.0751503383147923e-21,2.7850232623107216e-07,1.0317837726506177e-12
653.4534534534534,2.1143167748885478e-21,2.6790006335075134e-07,1.1086480854108823e-12
655.3553553553553,2.153988660356408e-21,2.574165974176552e-07,1.1907417128196934e-12
657.2572572572573,2.19416885460487e-21,2.470802534031455e-07,1.2783854860626935e-12
659.1591591591591,2.2348601950343265e-21,2.369165628441108e-07,1.3719176804058363e-12
661.0610610610611,2.2760654963792627e-21,2.2694826696462295e-07,1.4716948341789061e-12
662.9629629629629,2.3177875505340946e-21,2.171953529580354e-07,1.5780925995409346e-12
664.8648648648649,2.3600291263846483e-21,2.0767511941312636e-07,1.6915066259570575e-12
666.7667667667668,2.4027929696451455e-21,1.9840226675004015e-07,1.812353477330855e-12
668.6686686686687,2.4460818027007617e-21,1.8938900853148412e-07,1.941071583750711e-12
670.5705705705706,2.4898983244555708e-21,1.8064519961516297e-07,2.078122228822178e-12
672.4724724724724,2.5342452101859653e-21,1.7217847729714454e-07,2.2239905735722023e-12
674.3743743743744,2.5791251113993933e-21,1.6399441184505427e-07,2.3791867179236332e-12
676.2762762762762,2.624540655698376e-21,1.560966631175737e-07,2.5442468007507984e-12
678.1781781781782,2.6704944466498248e-21,1.484871402968411e-07,2.7197341395391074e-12
680.08008008008,2.7169890636595178e-21,1.4116616210874406e-07,2.9062404106822457e-12
681.981981981982,2.7640270618517166e-21,1.3413261526040348e-07,3.104386871461268e-12
683.8838838838839,2.8116109719538896e-21,1.2738410917388318e-07,3.314825624759075e-12
685.7857857857858,2.8597433001864372e-21,1.2091712543206462e-07,3.538240927572704e-12
687.6876876876877,2.9084265281573962e-21,1.1472716067003875e-07,3.775350544393656e-12
689.5895895895895,2.957663112762085e-21,1.0880886193870631e-07,4.026907146532533e-12
691.4914914914915,3.007455486087571e-21,1.0315615383339029e-07,4.293699758470375e-12
693.3933933933934,3.0578060553219574e-21,9.776235691734769e-08,4.576555252322422e-12
695.2952952952953,3.1087172026684486e-21,9.26202971776777e-08,4.876339891504261e-12
697.1971971971972,3.160191285264015e-21,8.772240642949344e-08,5.193960924689051e-12
699.0990990990991,3.2122306351028024e-21,8.306081373457436e-08,5.530368231147105e-12
701.001001001001,3.2648375589640077e-21,7.862742802464229e-08,5.886556018554252e-12
702.902902902903,3.3180143383443657e-21,7.44140122189715e-08,6.2635645743531826e-12
704.8048048048048,3.3717632293949768e-21,7.041224920354425e-08,6.662482071743738e-12
706.7067067067067,3.426086462862672e-21,6.661380009674358e-08,7.0844464313717595e-12
708.6086086086086,3.480986244035566e-21,6.301035526717069e-08,7.530647239772644e-12
710.5105105105105,3.536464752693025e-21,5.9593678594789236e-08,8.002327725613836e-12
712.4124124124124,3.592524143059759e-21,5.635564547965585e-08,8.500786794761746e-12
714.3143143143143,3.649166543764131e-21,5.328827510497255e-08,9.027381125180755e-12
716.2162162162163,3.706394057800562e-21,5.0383757455098674e-08,9.583527322646704e-12
718.1181181181181,3.764208762495938e-21,4.7634475576187794e-08,1.0170704138230323e-11
720.0200200200201,3.822612709480076e-21,4.5033023548807365e-08,1.0790454748476441e-11
721.9219219219219,3.881607924660063e-21,4.257222061964516e-08,1.1444389099166522e-11
723.8238238238238,3.941196408198492e-21,4.024512191428956e-08,1.2134186313513907e-11
725.7257257257257,4.0013801344954966e-21,3.8045026126157434e-08,1.2861597165595254e-11
727.6276276276276,4.062161052174541e-21,3.596548054869297e-08,1.3628446619769677e-11
729.5295295295296,4.1235410840719264e-21,3.400028378968417e-08,1.4436636436781505e-11
731.4314314314314,4.185522127229899e-21,3.2143486478464866e-08,1.5288147847179154e-11
733.3333333333334,4.248106052893385e-21,3.0389390249340116e-08,1.6185044292612288e-11
735.2352352352352,4.3112947065102e-21,2.8732545258098126e-08,1.712947423549062e-11
737.1371371371372,4.375089907734769e-21,2.7167746463207717e-08,1.812367403740647e-11
739.039039039039,4.439493450435196e-21,2.5690028879428956e-08,1.9169970906623086e-11
740.9409409409409,4.504507102703794e-21,2.429466198916888e-08,2.027078591483439e-11
742.8428428428429,4.570132606870794e-21,2.2977143476087743e-08,2.1428637083281932e-11
744.7447447447447,4.6363716795213475e-21,2.173319242619854e-08,2.2646142538196616e-11
746.6466466466467,4.703226011515728e-21,2.05587421240062e-08,2.3926023735396093e-11
748.5485485485485,4.7706972680126324e-21,1.9449932555070253e-08,2.5271108753718376e-11
750.4504504504505,4.8387870884955904e-21,1.840310271167264e-08,2.6684335656820006e-11
752.3523523523523,4.907497086802339e-21,1.741478278498896e-08,2.8168755922680498e-11
754.2542542542543,4.9768288511572276e-21,1.6481686315192614e-08,2.972753793998067e-11
756.1561561561562,5.04678394420649e-21,1.560070236020361e-08,3.136397057030398e-11
758.058058058058,5.117363903056368e-21,1.4768887734229219e-08,3.308146677489528e-11
759.95995995996,5.1885702393141034e-21,1.398345935874639e-08,3.488356730447081e-11
761.8618618618618,5.260404439131575e-21,1.3241786761065742e-08,3.677394445030684e-11
763.7637637637638,5.332867963251764e-21,1.2541384748996942e-08,3.875640585456637e-11
765.6656656656656,5.405962247057703e-21,1.1879906284339684e-08,4.0834898377502283e-11
767.5675675675676,5.479688700624205e-21,1.1255135572858896e-08,4.301351201887275e-11
769.4694694694695,5.554048708772002e-21,1.0664981384015629e-08,4.5296483890525684e-11
771.3713713713714,5.629043631124409e-21,1.0107470609921828e-08,4.768820223675985e-11
773.2732732732733,5.704674802166431e-21,9.580742069732868e-09,5.019321049863793e-11
775.1751751751751,5.78094353130632e-21,9.083040562904097e-09,5.28162114180137e-11
777.0770770770771,5.857851102939347e-21,8.612711172379612e-09,5.556207117655041e-11
778.978978978979,5.935398776514012e-21,8.168193816795348e-09,5.843582356451338e-11
780.8808808808809,6.013587786600388e-21,7.748018049121878e-09,6.144267417358805e-11
782.7827827827828,6.09241934296071e-21,7.350798097808625e-09,6.458800460738787e-11
784.6846846846847,6.1718946306220965e-21,6.975228145377171e-09,6.787737670271378e-11
786.5865865865866,6.252014809951398e-21,6.620077838521293e-09,7.131653675396821e-11
788.4884884884884,6.332781016732073e-21,6.28418802307137e-09,7.491141973242433e-11
790.3903903903904,6.414194362243074e-21,5.966466696648038e-09,7.866815349130268e-11
792.2922922922922,6.496255933339697e-21,5.665885171437385e-09,8.25930629468292e-11
794.1941941941942,6.578966792536373e-21,5.381474439252162e-09,8.669267422458086e-11
796.0960960960961,6.662327978091279e-21,5.112321730877757e-09,9.097371875954121e-11
797.997997997998,6.746340504092811e-21,4.857567261623788e-09,9.544313733733669e-11
799.8998998998999,6.831005360547867e-21,4.6164011549988306e-09,1.001080840631003e-10
801.8018018018018,6.916323513471785e-21,4.38806053648306e-09,1.0497593024334552e-10
803.7037037037037,7.002295904980056e-21,4.171826789482104e-09,1.100542681650985e-10
805.6056056056055,7.088923453381678e-21,3.967022965694332e-09,1.15350914755337e-10
807.5075075075075,7.176207053274075e-21,3.773011342306919e-09,1.2087391510250506e-10
809.4094094094094,7.264147575639655e-21,3.5891911186446014e-09,1.2663154582056041e-10
811.3113113113113,7.352745867943792e-21,3.4149962451230274e-09,1.3263231823456874e-10
813.2132132132132,7.442002754234434e-21,3.2498933776034936e-09,1.3888498136541716e-10
815.1151151151151,7.531919035243093e-21,3.09337995049877e-09,1.4539852468962566e-10
817.017017017017,7.622495488487152e-21,2.9449823622412062e-09,1.521821806486218e-10
818.918918918919,7.713732868373732e-21,2.8042542669881795e-09,1.5924542688013506e-10
820.8208208208208,7.80563190630472e-21,2.6707749667056245e-09,1.6659798814255333e-10
822.7227227227227,7.898193310783212e-21,2.5441478980337684e-09,1.7424983790125564e-10
824.6246246246246,7.991417767521101e-21,2.4239992086005964e-09,1.8221119954393982e-10
826.5265265265265,8.085305939547968e-21,2.3099764177042376e-09,1.904925471899771e-10
828.4284284284284,8.179858467321117e-21,2.2017471565362696e-09,1.9910460605669747e-10
830.3303303303303,8.275075968836772e-21,2.0989979833614085e-09,2.0805835234333947e-10
832.2322322322323,8.370959039742392e-21,2.0014332693054703e-09,2.1736501259113923e-10
834.1341341341341,8.46750825344998e-21,1.9087741506318426e-09,2.2703606247572068e-10
836.0360360360361,8.564724161250572e-21,1.820757543606268e-09,2.370832249855445e-10
837.9379379379379,8.662607292429603e-21,1.737135218261676e-09,2.475184679377277e-10
839.8398398398398,8.761158154383289e-21,1.6576729275767727e-09,2.5835400078007275e-10
841.7417417417417,8.860377232736025e-21,1.5821495887763468e-09,2.696022706255353e-10
843.6436436436436,8.960264991458525e-21,1.510356513646068e-09,2.8127595746283314e-10
845.5455455455456,9.060821872986972e-21,1.4420966849309753e-09,2.9338796848424815e-10
847.4474474474474,9.162048298342974e-21,1.3771840760547759e-09,3.05951431469081e-10
849.3493493493494,9.263944667254306e-21,1.3154430115565013e-09,3.1897968715854405e-10
851.2512512512512,9.366511358276435e-21,1.256707565792695e-09,3.3248628055532107e-10
853.1531531531532,9.469748728914834e-21,1.2008209975966155e-09,3.4648495107844247e-10
855.055055055055,9.573657115747923e-21,1.1476352187222382e-09,3.609896215015451e-10
856.9569569569569,9.678236834550818e-21,1.0970102940292408e-09,3.7601438560025847e-10
858.8588588588589,9.783488180419676e-21,1.0488139714869448e-09,3.915734944320547e-10
860.7607607607607,9.889411427896628e-21,1.0029212401901759e-09,4.0768134116967904e-10
862.6626626626627,9.996006831095401e-21,9.592139146881953e-10,4.243524444073793e-10
864.5645645645645,1.0103274623827476e-20,9.175802440305368e-10,4.416014298571506e-10
866.4664664664665,1.0211215019728742e-20,8.779145440297925e-10,4.594430103507828e-10
868.3683683683684,1.0319828212386799e-20,8.401168513323989e-10,4.778919640621133e-10
870.2702702702703,1.0429114375468621e-20,8.040925979740136e-10,4.969631108629194e-10
872.1721721721722,1.0539073662848727e-20,7.697523051767517e-10,5.16671286725319e-10
874.074074074074,1.0649706208737879e-20,7.370112952212314e-10,5.37031316083349e-10
875.975975975976,1.0761012127812087e-20,7.057894202977861e-10,5.580579820667838e-10
877.8778778778778,1.0872991515342001e-20,6.760108073082233e-10,5.797659945209704e-10
879.7797797797798,1.0985644447322787e-20,6.476036176524341e-10,6.021699557281944e-10
881.6816816816817,1.1098970980604274e-20,6.204998210935917e-10,6.252843237479808e-10
883.5835835835836,1.1212971153021348e-20,5.946349828510033e-10,6.491233732968623e-10
885.4854854854855,1.1327644983524785e-20,5.699480631221835e-10,6.737011540918072e-10
887.3873873873874,1.1442992472312309e-20,5.463812282845917e-10,6.99031446586186e-10
889.2892892892893,1.1559013600959788e-20,5.238796730736678e-10,7.251277150327576e-10
891.1911911911911,1.1675708332552867e-20,5.023914530768475e-10,7.520030578149674e-10
893.0930930930931,1.1793076611818623e-20,4.818673269240127e-10,7.796701549956353e-10
894.994994994995,1.1911118365257503e-20,4.6226060759269715e-10,8.081412130412844e-10
896.8968968968969,1.2029833501275438e-20,4.435270222822422e-10,8.37427906690821e-10
898.7987987987988,1.2149221910316015e-20,4.256245803444963e-10,8.675413179490526e-10
900.7007007007007,1.2269283464992927e-20,4.0851344879012054e-10,8.984918721990799e-10
902.6026026026026,1.239001802022225e-20,3.9215583491906883e-10,9.302892714422628e-10
904.5045045045046,1.251142541335526e-20,3.7651587565140875e-10,9.629424246913679e-10
906.4064064064064,1.2633505464310776e-20,3.6155953316066344e-10,9.964593755604824e-10
908.3083083083083,1.275625797570807e-20,3.4725449643606535e-10,1.0308472271156653e-09
910.2102102102102,1.287968273299934e-20,3.335700884230843e-10,1.0661120640719813e-09
912.1121121121121,1.3003779504602579e-20,3.204771784128044e-10,1.1022588724465165e-09
914.014014014014,1.3128548042034237e-20,3.0794809937097047e-10,1.1392914568024694e-09
915.9159159159159,1.3253988080041864e-20,2.959565699162047e-10,1.177212355247169e-09
917.8178178178179,1.338009933673681e-20,2.844776206746194e-10,1.2160227523760301e-09
919.7197197197197,1.350688151372674e-20,2.7348752475458915e-10,1.2557223903860214e-09
921.6216216216217,1.363433429624827e-20,2.6296373210093925e-10,1.2963094786149839e-09
923.5235235235235,1.376245735329927e-20,2.528848075024407e-10,1.3377806017980205e-09
925.4254254254254,1.3891250337771293e-20,2.4323037204007233e-10,1.3801306273684065e-09
927.3273273273273,1.4020712886581748e-20,2.3398104777639647e-10,1.423352612168109e-09
929.2292292292292,1.4150844620805894e-20,2.2511840549838094e-10,1.4674377089718337e-09
931.1311311311312,1.4281645145808963e-20,2.1662491533726855e-10,1.5123750732684829e-09
933.033033033033,1.4413114051377723e-20,2.0848390009970128e-10,1.5581517707843087e-09
934.934934934935,1.454525091185221e-20,2.006794911542137e-10,1.6047526862729347e-09
936.8368368368368,1.4678055286257068e-20,1.9319658672652865e-10,1.6521604341383383e-09
938.7387387387388,1.481152671843275e-20,1.8602081246582467e-10,1.7003552714973288e-09
940.6406406406406,1.494566473716648e-20,1.791384841523601e-10,1.7493150143277163e-09
942.5425425425425,1.5080468856323136e-20,1.725365724245247e-10,1.7990149573863447e-09
944.4444444444445,1.5215938574975596e-20,1.6620266941063165e-10,1.8494277986175562e-09
946.3463463463463,1.5352073377535054e-20,1.6012495715751987e-10,1.9005235688065363e-09
948.2482482482483,1.548887273388107e-20,1.542921777544471e-10,1.9522695672619402e-09
950.1501501501501,1.562633609949122e-20,1.4869360505669756e-10,2.004630304339432e-09
952.0520520520521,1.5764462915570543e-20,1.4331901791896506e-10,2.057567451639495e-09
953.9539539539539,1.5903252609180688e-20,1.381586748538424e-10,2.1110398007296867e-09
955.8558558558559,1.6042704593368702e-20,1.3320329003570188e-10,2.1650032312522183e-09
957.7577577577578,1.618281826729554e-20,1.2844401057490435e-10,2.2194106892816684e-09
959.6596596596596,1.6323593016364192e-20,1.2387239499164736e-10,2.2742121767938715e-09
961.5615615615616,1.646502821234761e-20,1.194803928228728e-10,2.3293547530951327e-09
963.4634634634634,1.6607123213516027e-20,1.1526032529951902e-10,2.384782549039959e-09
965.3653653653654,1.6749877364764163e-20,1.1120486703501259e-10,2.440436794834849e-09
967.2672672672672,1.689328999773794e-20,1.073070286693311e-10,2.4962558621850216e-09
969.1691691691692,1.7037360430960864e-20,1.03560140416152e-10,2.5521753214892456e-09
971.0710710710711,1.7182087969959927e-20,9.995783646363398e-11,2.6081280147254055e-09
972.972972972973,1.7327471907391195e-20,9.649404018219167e-11,2.6640441445953346e-09
974.8748748748749,1.747351152316501e-20,9.316295009531337e-11,2.7198513804117455e-09
976.7767767767767,1.762020608457074e-20,8.995902657195458e-11,2.7754749811129463e-09
978.6786786786787,1.7767554846401053e-20,8.687697920142125e-11,2.8308379356822235e-09
980.5805805805805,1.791555705107583e-20,8.391175481385194e-11,2.8858611211293214e-09
982.4824824824825,1.8064211928765648e-20,8.105852611151681e-11,2.940463478061105e-09
984.3843843843844,1.8213518697514736e-20,7.831268087809794e-11,2.9945622037283904e-09
986.2862862862863,1.8363476563363624e-20,7.566981173497658e-11,3.048072962287597e-09
988.1881881881882,1.851408472047115e-20,7.312570641529275e-11,3.1009101118587762e-09
990.09009009009,1.8665342351236173e-20,7.067633852816384e-11,3.1529869477997977e-09
991.991991991992,1.8817248626418672e-20,6.831785878702414e-11,3.204215961448395e-09
993.8938938938938,1.8969802705260402e-20,6.604658667746311e-11,3.2545091134143316e-09
995.7957957957958,1.912300373560525e-20,6.385900254133626e-11,3.3037781203325905e-09
997.6976976976977,1.9276850854018715e-20,6.175174005520127e-11,3.351934753818912e-09
999.5995995995996,1.943134318590728e-20,5.972157908233941e-11,3.3988911502030476e-09
1001.5015015015015,1.9586479845637056e-20,5.7765438878783313e-11,3.444560129454645e-09
1003.4034034034034,1.9742259936651998e-20,5.588037163483138e-11,3.488855521565173e-09
1005.3053053053053,1.989868255159154e-20,5.406355633456167e-11,3.5316924985078834e-09
1007.2072072072071,2.0055746772407822e-20,5.2312292916803645e-11,3.5729879097706746e-09
1009.1091091091091,2.021345167048231e-20,5.0623996721940267e-11,3.6126606193441294e-09
1011.011011011011,2.0371796306741856e-20,4.8996193209751754e-11,3.6506318419533396e-09
1012.9129129129129,2.0530779731774374e-20,4.742651293433163e-11,3.6868254762478983e-09
1014.8148148148148,2.0690400985943788e-20,4.5912686762845774e-11,3.7211684326120773e-09
1016.7167167167167,2.0850659099504625e-20,4.4452541325633716e-11,3.753590953229382e-09
1018.6186186186186,2.1011553092715874e-20,4.304399468581943e-11,3.784026922030888e-09
1020.5205205205206,2.1173081975954456e-20,4.1685052217234464e-11,3.812414162180062e-09
1022.4224224224224,2.1335244749828035e-20,4.0373802680057793e-11,3.838694718794593e-09
1024.3243243243242,2.1498040405287355e-20,3.9108414484147724e-11,3.86281512468138e-09
1026.2262262262261,2.166146792373799e-20,3.788713213056615e-11,3.884726646962459e-09
1028.128128128128,2.1825526277151385e-20,3.670827282231385e-11,3.904385512597339e-09
1030.03003003003,2.199021442817567e-20,3.55702232357582e-11,3.921753110958807e-09
1031.931931931932,2.2155531330245448e-20,3.4471436444697616e-11,3.936796171795206e-09
1033.833833833834,2.2321475927691492e-20,3.3410428989425833e-11,3.9494869171080985e-09
1035.7357357357357,2.248804715584948e-20,3.2385778083561116e-11,3.9598031856896105e-09
1037.6376376376377,2.265524394116833e-20,3.1396118951789495e-11,3.967728529295646e-09
1039.5395395395394,2.2823065201317932e-20,3.044014229202489e-11,3.9732522796753e-09
1041.4414414414414,2.2991509845296377e-20,2.951659185583197e-11,3.976369585931967e-09
1043.3433433433433,2.3160576773536317e-20,2.8624262141278315e-11,3.977081421952866e-09
1045.2452452452453,2.3330264878011147e-20,2.776199619268126e-11,3.975394563908311e-09
1047.1471471471473,2.3500573042340162e-20,2.692868350200723e-11,3.971321538085848e-09
1049.049049049049,2.3671500141893548e-20,2.6123258006948566e-11,3.964880539584683e-09
1050.950950950951,2.384304504389654e-20,2.5344696180960247e-11,3.956095322648043e-09
1052.8528528528527,2.4015206607532827e-20,2.4592015210784134e-11,3.9449950636531835e-09
1054.7547547547547,2.4187983684047813e-20,2.3864271257209917e-11,3.931614198006131e-09
1056.6566566566567,2.4361375116850868e-20,2.316055779505106e-11,3.915992232399238e-09
1058.5585585585586,2.4535379741617138e-20,2.2480004028507922e-11,3.898173534081595e-09
1060.4604604604606,2.4709996386388783e-20,2.1821773378291923e-11,3.8782070989619585e-09
1062.3623623623623,2.4885223871675568e-20,2.118506203706665e-11,3.856146300510801e-09
1064.2642642642643,2.5061061010554888e-20,2.056909758993431e-11,3.832048621550439e-09
1066.166166166166,2.5237506608771023e-20,1.9973137696864874e-11,3.8059753711181335e-09
1068.068068068068,2.5414559464834185e-20,1.9396468834117248e-11,3.777991388657556e-09
1069.96996996997,2.5592218370118407e-20,1.8838405091853147e-11,3.748164737838969e-09
1071.871871871872,2.5770482108959307e-20,1.829828702528316e-11,3.7165663923241728e-09
1073.7737737737739,2.5949349458751004e-20,1.7775480556816585e-11,3.683269915788632e-09
1075.6756756756756,2.6128819190042442e-20,1.726937592681474e-11,3.6483511384790103e-09
1077.5775775775776,2.630889006663327e-20,1.6779386690664437e-11,3.61188783253212e-09
1079.4794794794793,2.6489560845668773e-20,1.6304948760003276e-11,3.5739593882061297e-09
1081.3813813813813,2.667083027773463e-20,1.584551948603385e-11,3.5346464930802385e-09
1083.2832832832833,2.6852697106950685e-20,1.5400576782967443e-11,3.4940308161687605e-09
1085.1851851851852,2.7035160071064334e-20,1.4969618289731897e-11,3.4521946987694887e-09
1087.0870870870872,2.721821790154325e-20,1.4552160568172986e-11,3.4092208537279142e-09
1088.9889889889891,2.7401869323667434e-20,1.414773833606123e-11,3.365192074651098e-09
1090.890890890891,2.758611305662071e-20,1.375590373330224e-11,3.320190956448993e-09
1092.7927927927926,2.7770947813581665e-20,1.3376225619823554e-11,3.274299628420349e-09
1094.6946946946946,2.795637230181399e-20,1.3008288903687319e-11,3.2275995009361717e-09
1096.5965965965966,2.814238522275596e-20,1.2651693898046975e-11,3.1801710266092593e-09
1098.4984984984985,2.832898527210957e-20,1.2306055705633362e-11,3.1320934766749774e-09
1100.4004004004005,2.85161711399291e-20,1.1971003629518251e-11,3.083444733147871e-09
1102.3023023023025,2.87039415107089e-20,1.1646180608964906e-11,3.034301097163546e-09
1104.2042042042042,2.889229506347054e-20,1.1331242679230958e-11,2.9847371137660064e-09
1106.1061061061062,2.90812304718497e-20,1.1025858454243036e-11,2.934825413258794e-09
1108.008008008008,2.927074640418192e-20,1.0729708631115524e-11,2.884636569105741e-09
1109.9099099099099,2.946084152358826e-20,1.0442485515532399e-11,2.8342389722430744e-09
1111.8118118118118,2.9651514488060026e-20,1.0163892567060392e-11,2.7836987215521944e-09
1113.7137137137138,2.984276395054303e-20,9.893643963502576e-12,2.733079530138869e-09
1115.6156156156158,3.0034588559021204e-20,9.631464183446606e-12,2.682442646973823e-09
1117.5175175175175,3.022698695659968e-20,9.377087606199087e-12,2.6318467933683487e-09
1119.4194194194195,3.04199577815873e-20,9.130258128337184e-12,2.5813481136893343e-09
1121.3213213213212,3.061349966757825e-20,8.890728796143947e-12,2.5310001396594326e-09
1123.2232232232232,3.080761124353355e-20,8.658261453227212e-12,2.480853767539211e-09
1125.1251251251251,3.100229113386152e-20,8.432626402656744e-12,2.430957247450833e-09
1127.027027027027,3.1197537958497936e-20,8.2136020829824e-12,2.3813561840734514e-09
1128.9289289289288,3.139335033298545e-20,8.000974757527882e-12,2.3320935479215216e-09
1130.8308308308308,3.1589726868552667e-20,7.794538216381227e-12,2.283209696405847e-09
1132.7327327327328,3.178666617219212e-20,7.594093490531177e-12,2.2347424038739565e-09
1134.6346346346347,3.19841668467382e-20,7.399448577621556e-12,2.186726899829797e-09
1136.5365365365365,3.2182227490944226e-20,7.2104181788231416e-12,2.139195914543036e-09
1138.4384384384384,3.238084669955902e-20,7.026823446342616e-12,2.0921797312735103e-09
1140.3403403403404,3.2580023063402765e-20,6.84849174111169e-12,2.0457062443570963e-09
1142.2422422422421,3.2779755169442547e-20,6.675256400219818e-12,1.9998010224237997e-09
1144.144144144144,3.298004160086698e-20,6.506956513673443e-12,1.9544873760471924e-09
1146.046046046046,3.3180880937160515e-20,6.343436710084191e-12,1.9097864291555118e-09
1147.947947947948,3.338227175417717e-20,6.184546950905913e-12,1.8657171935681074e-09
1149.8498498498498,3.358421262421341e-20,6.03014233285776e-12,1.8222966460564272e-09
1151.7517517517517,3.378670211608091e-20,5.880082898186652e-12,1.7795398073650032e-09
1153.6536536536537,3.398973879517822e-20,5.734233452438452e-12,1.7374598226653723e-09
1155.5555555555557,3.419332122356236e-20,5.592463389421114e-12,1.6960680429534416e-09
1157.4574574574574,3.4397447960019477e-20,5.454646523058206e-12,1.6553741069385892e-09
1159.3593593593594,3.460211756013527e-20,5.320660925843851e-12,1.6153860230099134e-09
1161.2612612612613,3.4807328576364364e-20,5.190388773623152e-12,1.5761102509018609e-09
1163.163163163163,3.5013079558099766e-20,5.0637161964346734e-12,1.5375517827169895e-09
1165.065065065065,3.521936905174125e-20,4.940533135162665e-12,1.499714222998547e-09
1166.966966966967,3.542619560076337e-20,4.820733203758369e-12,1.4625998675786175e-09
1168.868868868869,3.5633557745783e-20,4.70421355679968e-12,1.42620978095947e-09
1170.7707707707707,3.584145402462614e-20,4.590874762169515e-12,1.3905438720164623e-09
1172.6726726726727,3.6049882972394414e-20,4.4806206786413395e-12,1.3556009678389924e-09
1174.5745745745746,3.625884312153071e-20,4.373358338171433e-12,1.3213788855535705e-09
1176.4764764764764,3.6468333001884615e-20,4.26899783270425e-12,1.2878745019979758e-09
1178.3783783783783,3.667835114077708e-20,4.167452205307238e-12,1.2550838211393727e-09
1180.2802802802803,3.688889606306454e-20,4.068637345458362e-12,1.2230020391508443e-09
1182.1821821821823,3.7099966291202646e-20,3.972471888317668e-12,1.1916236070811394e-09
1184.084084084084,3.7311560345309384e-20,3.87887711782144e-12,1.1609422910707915e-09
1185.985985985986,3.7523676743227725e-20,3.787776873444412e-12,1.1309512300847318e-09
1187.887887887888,3.773631400058751e-20,3.699097460482046e-12,1.1016429911467346e-09
1189.78978978979,3.794947063086706e-20,3.61276756371131e-12,1.0730096220747823e-09
1191.6916916916916,3.8163145145454236e-20,3.5287181642943184e-12,1.0450427017289324e-09
1193.5935935935936,3.8377336053706864e-20,3.4468824597951385e-12,1.0177333877940714e-09
1195.4954954954956,3.859204186301275e-20,3.3671957871853547e-12,9.910724621297975e-10
1197.3973973973973,3.8807261078848997e-20,3.2895955487194952e-12,9.650503737280564e-10
1199.2992992992993,3.9022992204841116e-20,3.2140211405660806e-12,9.396572793265217e-10
1201.2012012012012,3.9239233742821264e-20,3.1404138840853744e-12,9.148830817320627e-10
1203.1031031031032,3.9455984192886256e-20,3.068716959648948e-12,8.90717465913941e-10
1205.005005005005,3.967324205345494e-20,2.9988753429009433e-12,8.67149932930726e-10
1206.906906906907,3.9891005821325155e-20,2.9308357433650757e-12,8.441698317586708e-10
1208.8088088088089,4.010927399172993e-20,2.864546545305173e-12,8.217663890919552e-10
1210.7107107107106,4.03280450583935e-20,2.799957750751073e-12,7.999287371874897e-10
1212.6126126126126,4.054731751358681e-20,2.7370209246054237e-12,7.78645939828405e-10
1214.5145145145145,4.076708984818216e-20,2.6756891417503203e-12,7.579070164814309e-10
1216.4164164164165,4.0987360551707846e-20,2.6159169360759e-12,7.377009647236499e-10
1218.3183183183182,4.12081281124018e-20,2.557660251356712e-12,7.180167810143931e-10
1220.2202202202202,4.1429391017265336e-20,2.500876393904101e-12,6.988434798873839e-10
1222.1221221221222,4.1651147752115944e-20,2.445523986926366e-12,6.801701116377518e-10
1224.0240240240241,4.187339680163957e-20,2.391562926530787e-12,6.619857785773508e-10
1225.9259259259259,4.20961366494429e-20,2.3389543393046895e-12,6.442796499306454e-10
1227.8278278278278,4.231936577810473e-20,2.287660541414863e-12,6.270409754417878e-10
1229.7297297297298,4.254308266922687e-20,2.237644999167589e-12,6.102590977619761e-10
1231.6316316316315,4.2767285803484937e-20,2.1888722909734387e-12,5.93923463684179e-10
1233.5335335335335,4.2991973660678254e-20,2.1413080706635085e-12,5.78023634290389e-10
1235.4354354354355,4.3217144719779557e-20,2.094919032105898e-12,5.62549294074536e-10
1237.3373373373374,4.344279745898409e-20,2.0496728750731366e-12,5.474902591019435e-10
1239.2392392392392,4.3668930355758343e-20,2.005538272313496e-12,5.32836484264008e-10
1241.1411411411411,4.3895541886888367e-20,1.9624848377806658e-12,5.185780696845879e-10
1243.043043043043,4.412263052852735e-20,1.9204830959785646e-12,5.047052663322929e-10
1244.9449449449448,4.4350194756243054e-20,1.8795044523792723e-12,4.912084808904721e-10
1246.8468468468468,4.4578233045064794e-20,1.8395211648740226e-12,4.780782799346182e-10
1248.7487487487488,4.48067438695297e-20,1.8005063162189138e-12,4.6530539346449225e-10
1250.6506506506507,4.503572570372872e-20,1.76243378743805e-12,4.5288071783611996e-10
1252.5525525525525,4.5265177021352214e-20,1.7252782321488483e-12,4.407953181366e-10
1254.4544544544544,4.549509629573511e-20,1.6890150517752019e-12,4.2904043004252536e-10
1256.3563563563564,4.572548199990139e-20,1.6536203716158032e-12,4.176074612007479e-10
1258.2582582582584,4.595633260660844e-20,1.6190710177360808e-12,4.0648799216809534e-10
1260.16016016016,4.618764658839084e-20,1.5853444946534587e-12,3.956737769447977e-10
1262.062062062062,4.6419422417603736e-20,1.552418963786906e-12,3.851567431343453e-10
1263.963963963964,4.66516585664656e-20,1.520273222642789e-12,3.749289917607223e-10
1265.8658658658658,4.6884353507100987e-20,1.4888866847101016e-12,3.6498279677213024e-10
1267.7677677677677,4.711750571158259e-20,1.458239360039321e-12,3.553106042586301e-10
1269.6696696696697,4.7351113651972645e-20,1.4283118364800549e-12,3.45905031409476e-10
1271.5715715715717,4.758517580036456e-20,1.3990852615535425e-12,3.367588652343124e-10
1273.4734734734734,4.7819690628923443e-20,1.3705413249370647e-12,3.278650610709103e-10
1275.3753753753754,4.805465660992676e-20,1.3426622415382793e-12,3.192167409006949e-10
1277.2772772772773,4.829007221580424e-20,1.3154307351381782e-12,3.108071914918977e-10
1279.179179179179,4.852593591917744e-20,1.2888300225822233e-12,3.026298623888867e-10
1281.081081081081,4.876224619289911e-20,1.2628437985000938e-12,2.9467836376495794e-10
1282.982982982983,4.899900151009184e-20,1.2374562205351615e-12,2.869464641547346e-10
1284.884884884885,4.923620034418659e-20,1.2126518950654211e-12,2.7942808808111645e-10
1286.7867867867867,4.947384116896062e-20,1.1884158633985374e-12,2.721173135907421e-10
1288.6886886886887,4.9711922458575287e-20,1.1647335884240172e-12,2.650083697108674e-10
1290.5905905905906,4.9950442687612995e-20,1.1415909417065302e-12,2.5809563383964e-10
1292.4924924924924,5.018940033111425e-20,1.1189741910045694e-12,2.5137362908081697e-10
1294.3943943943943,5.042879386461409e-20,1.0968699881996223e-12,2.4483702153318874e-10
1296.2962962962963,5.0668621764178106e-20,1.0752653576213866e-12,2.3848061754410537e-10
1298.1981981981983,5.090888250643819e-20,1.054147684755061e-12,2.3229936093579623e-10
1300.1001001001,5.114957456862779e-20,1.0335047053174487e-12,2.2628833021246261e-10
1302.002002002002,5.139069642861698e-20,1.0133244946889018e-12,2.2044273575544632e-10
1303.903903903904,5.1632246564946877e-20,9.935954576887774e-13,2.147579170131766e-10
1305.805805805806,5.1874223456863936e-20,9.743063186824196e-13,2.0922933969199844e-10
1307.7077077077076,5.2116625584353824e-20,9.55446112008176e-13,2.0385259295345495e-10
1309.6096096096096,5.23594514281748e-20,9.370041727134132e-13,1.9862338662308616e-10
1311.5115115115116,5.2602699469890766e-20,9.189701275888198e-13,1.935375484153245e-10
1313.4134134134133,5.284636819190428e-20,9.013338864907215e-13,1.8859102117862066e-10
1315.3153153153153,5.309045607748868e-20,8.840856339415442e-13,1.8377986016455324e-10
1317.2172172172172,5.333496161082028e-20,8.672158209988751e-13,1.791002303242338e-10
1319.1191191191192,5.357988327700985e-20,8.507151573839018e-13,1.7454840363502247e-10
1321.021021021021,5.382521956213421e-20,8.345746038604227e-13,1.7012075646018312e-10
1322.922922922923,5.4070968953267216e-20,8.18785364855852e-13,1.6581376694384687e-10
1324.8248248248249,5.431712993850994e-20,8.033388813160388e-13,1.616240124433283e-10
1326.7267267267266,5.456370100702173e-20,7.882268237859267e-13,1.5754816700058792e-10
1328.6286286286286,5.481068064904951e-20,7.734410857084466e-13,1.5358299885440896e-10
1330.5305305305305,5.50580673559577e-20,7.589737769342725e-13,1.497253679945912e-10
1332.4324324324325,5.530585962025748e-20,7.448172174353206e-13,1.4597222375929089e-10
1334.3343343343342,5.55540559356357e-20,7.309639312151645e-13,1.4232060247642985e-10
1336.2362362362362,5.580265479698367e-20,7.174066404097482e-13,1.3876762514991276e-10
1338.1381381381382,5.605165470042506e-20,7.041382595720662e-13,1.353104951912515e-10
1340.0400400400401,5.630105414334441e-20,6.911518901345932e-13,1.3194649619701603e-10
1341.9419419419419,5.655085162441425e-20,6.784408150436516e-13,1.2867298977243193e-10
1343.8438438438438,5.680104564362286e-20,6.659984935598973e-13,1.2548741340128305e-10
1345.7457457457458,5.705163470230109e-20,6.538185562194836e-13,1.2238727836219447e-10
1347.6476476476475,5.7302617303149e-20,6.418947999505765e-13,1.1937016769125576e-10
1349.5495495495495,5.755399195026238e-20,6.302211833400511e-13,1.1643373419083646e-10
1351.4514514514515,5.780575714915866e-20,6.187918220454846e-13,1.1357569848440454e-10
1353.3533533533534,5.805791140680288e-20,6.076009843476231e-13,1.1079384711702464e-10
1355.2552552552552,5.831045323163288e-20,5.966430868387401e-13,1.0808603070119336e-10
1357.1571571571571,5.856338113358481e-20,5.859126902424127e-13,1.0545016210757784e-10
1359.059059059059,5.881669362411761e-20,5.754044953604737e-13,1.0288421470018838e-10
1360.9609609609608,5.907038921623775e-20,5.651133391429358e-13,1.0038622061544583e-10
1362.8628628628628,5.932446642452352e-20,5.550341908769412e-13,9.795426908458587e-11
1364.7647647647648,5.957892376514894e-20,5.451621484908319e-13,9.558650479878116e-11
1366.6666666666667,5.983375975590718e-20,5.354924349696714e-13,9.328112631635122e-11
1368.5685685685685,6.008897291623447e-20,5.260203948785347e-13,9.103638451137989e-11
1370.4704704704704,6.034456176723271e-20,5.167414909901871e-13,8.885058106305199e-11
1372.3723723723724,6.060052483169246e-20,5.076513010137212e-13,8.672206698499937e-11
1374.2742742742744,6.085686063411547e-20,4.987455144209594e-13,8.464924119391038e-11
1376.176176176176,6.111356770073683e-20,4.900199293674561e-13,8.263054911667442e-11
1378.078078078078,6.137064455954712e-20,4.814704497050985e-13,8.066448133528774e-11
1379.97997997998,6.162808974031368e-20,4.73093082083405e-13,7.874957226877351e-11
1381.8818818818818,6.188590177460254e-20,4.648839331366271e-13,7.688439889132528e-11
1383.7837837837837,6.214407919579919e-20,4.568392067540186e-13,7.506757948591428e-11
1385.6856856856857,6.240262053912947e-20,4.489552014305978e-13,7.32977724325792e-11
1387.5875875875877,6.266152434168035e-20,4.4122830769582756e-13,7.157367503061821e-11
1389.4894894894894,6.292078914242005e-20,4.3365500561782165e-13,6.989402235391354e-11
1391.3913913913914,6.318041348221831e-20,4.2623186238063957e-13,6.825758613861475e-11
1393.2932932932933,6.344039590386587e-20,4.1895552993241953e-13,6.666317370241552e-11
1395.195195195195,6.370073495209433e-20,4.1182274270209366e-13,6.510962689466082e-11
1397.097097097097,6.396142917359529e-20,4.04830315382568e-13,6.359582107653331e-11
1398.998998998999,6.422247711703944e-20,3.979751407782748e-13,6.212066413056962e-11
1400.900900900901,6.448387733309516e-20,3.912541877151075e-13,6.068309549877413e-11
1402.8028028028027,6.47456283744471e-20,3.846644990107844e-13,5.928208524859755e-11
1404.7047047047047,6.500772879581485e-20,3.7820318950376553e-13,5.791663316606336e-11
1406.6066066066066,6.527017715397021e-20,3.7186744413895467e-13,5.6585767875343134e-11
1408.5085085085086,6.553297200775566e-20,3.656545161083449e-13,5.528854598407164e-11
1410.4104104104103,6.579611191810136e-20,3.5956172504502325e-13,5.4024051253732196e-11
1412.3123123123123,6.605959544804289e-20,3.5358645526878904e-13,5.279139379442837e-11
1414.2142142142143,6.632342116273806e-20,3.477261540818852e-13,5.158970928339356e-11
1416.116116116116,6.65875876294836e-20,3.419783301132596e-13,5.0418158206584495e-11
1418.018018018018,6.685209341773216e-20,3.3634055170988196e-13,4.927592512272548e-11
1419.91991991992,6.711693709910803e-20,3.308104453737064e-13,4.816221794918843e-11
1421.821821821822,6.738211724742394e-20,3.2538569424284493e-13,4.707626726909333e-11
1423.7237237237237,6.764763243869648e-20,3.200640366156591e-13,4.601732565903855e-11
1425.6256256256256,6.791348125116181e-20,3.1484326451643234e-13,4.4984667036880774e-11
1427.5275275275276,6.817966226529125e-20,3.0972122230137724e-13,4.3977586028991196e-11
1429.4294294294293,6.844617406380633e-20,3.046958053037763e-13,4.299539735643923e-11
1431.3313313313313,6.871301523169398e-20,2.997649585170417e-13,4.203743523955574e-11
1433.2332332332332,6.898018435622092e-20,2.9492667531459903e-13,4.1103052820351296e-11
1435.1351351351352,6.92476800269486e-20,2.901789962054459e-13,4.019162160226917e-11
1437.037037037037,6.951550083574708e-20,2.85520007624358e-13,3.930253090677396e-11
1438.938938938939,6.978364537680984e-20,2.809478407556702e-13,3.843518734627997e-11
1440.8408408408409,7.005211224666693e-20,2.764606703896662e-13,3.7589014312946714e-11
1442.7427427427428,7.0320900044199e-20,2.720567138105896e-13,3.676345148287056e-11
1444.6446446446446,7.059000737065078e-20,2.6773422971532443e-13,3.59579543352211e-11
1446.5465465465466,7.085943282964441e-20,2.63491517161866e-13,3.5171993685879804e-11
1448.4484484484485,7.112917502719231e-20,2.59326914546683e-13,3.440505523515168e-11
1450.3503503503503,7.139923257171006e-20,2.552387986101208e-13,3.3656639129129655e-11
1452.2522522522522,7.166960407402926e-20,2.5122558346901757e-13,3.29262595343056e-11
1454.1541541541542,7.194028814740982e-20,2.47285719675745e-13,3.221344422503135e-11
1456.0560560560561,7.221128340755233e-20,2.4341769330288446e-13,3.15177341834459e-11
1457.957957957958,7.248258847260983e-20,2.3962002505279886e-13,3.0838683211492146e-11
1459.8598598598599,7.275420196320006e-20,2.358912693913692e-13,3.017585755466084e-11
1461.7617617617618,7.3026122502417e-20,2.3223001370518844e-13,2.9528835537107565e-11
1463.6636636636636,7.329834871584212e-20,2.286348774815356e-13,2.8897207207799097e-11
1465.5655655655655,7.357087923155614e-20,2.2510451151046442e-13,2.8280573997354466e-11
1467.4674674674675,7.384371268014953e-20,2.2163759710837434e-13,2.7678548385258818e-11
1469.3693693693695,7.411684769473394e-20,2.1823284536242712e-13,2.709075357713173e-11
1471.2712712712712,7.43902829109527e-20,2.1488899639522172e-13,2.651682319174735e-11
1473.1731731731732,7.46640169669914e-20,2.1160481864914239e-13,2.5956400957507364e-11
1475.0750750750751,7.49380485035881e-20,2.0837910818980185e-13,2.5409140418079788e-11
1476.9769769769769,7.521237616404387e-20,2.0521068802805158e-13,2.4874704646923396e-11
1478.8788788788788,7.548699859423264e-20,2.0209840746000931e-13,2.4352765970426486e-11
1480.7807807807808,7.576191444261058e-20,1.9904114142460222e-13,2.3843005699396654e-11
1482.6826826826828,7.603712236022662e-20,1.9603778987811945e-13,2.3345113868645892e-11
1484.5845845845845,7.631262100073105e-20,1.9308727718529032e-13,2.285878898442305e-11
1486.4864864864865,7.658840902038551e-20,1.9018855152642335e-13,2.2383737779453387e-11
1488.3883883883884,7.686448507807166e-20,1.8734058432014612e-13,2.1919674975352154e-11
1490.2902902902904,7.714084783530043e-20,1.8454236966130435e-13,2.1466323052185085e-11
1492.1921921921921,7.741749595622066e-20,1.8179292377359955e-13,2.1023412024957432e-11
1494.094094094094,7.769442810762769e-20,1.7909128447654183e-13,2.0590679226818454e-11
1495.995995995996,7.797164295897219e-20,1.7643651066631482e-13,2.0167869098774255e-11
1497.8978978978978,7.824913918236779e-20,1.7382768181017407e-13,1.975473298571113e-11
1499.7997997997998,7.85269154526e-20,1.7126389745398116e-13,1.9351028938532208e-11
1501.7017017017017,7.880497044713363e-20,1.6874427674252714e-13,1.8956521522223493e-11
1503.6036036036037,7.908330284612077e-20,1.6626795795227087e-13,1.857098162966298e-11
1505.5055055055054,7.936191133240856e-20,1.6383409803615543e-13,1.8194186300999406e-11
1507.4074074074074,7.964079459154657e-20,1.6144187218016582e-13,1.782591854842755e-11
1509.3093093093094,7.991995131179418e-20,1.590904733713028e-13,1.746596718619561e-11
1511.211211211211,8.01993801841279e-20,1.5677911197665396e-13,1.7114126665682022e-11
1513.113113113113,8.047907990224829e-20,1.5450701533325643e-13,1.6770196915387965e-11
1515.015015015015,8.075904916258683e-20,1.5227342734845807e-13,1.6433983185692668e-11
1516.916916916917,8.103928666431276e-20,1.5007760811048097e-13,1.610529589822677e-11
1518.8188188188187,8.13197911093397e-20,1.479188335089125e-13,1.578395049972056e-11
1520.7207207207207,8.16005612023322e-20,1.4579639486484714e-13,1.546976732019042e-11
1522.6226226226227,8.188159565071165e-20,1.4370959857042493e-13,1.5162571435330584e-11
1524.5245245245246,8.216289316466299e-20,1.416577657374922e-13,1.486219253298039e-11
1526.4264264264264,8.244445245714023e-20,1.3964023185515661e-13,1.4568464783542557e-11
1528.3283283283283,8.272627224387287e-20,1.3765634645597698e-13,1.4281226714231189e-11
1530.2302302302303,8.300835124337114e-20,1.3570547279056532e-13,1.4000321087032514e-11
1532.132132132132,8.329068817693193e-20,1.337869875103671e-13,1.3725594780264234e-11
1534.034034034034,8.357328176864423e-20,1.319002803583995e-13,1.3456898673623066e-11
1535.935935935936,8.385613074539438e-20,1.300447538677354e-13,1.3194087536615202e-11
1537.837837837838,8.413923383687128e-20,1.2821982306752038e-13,1.2937019920264408e-11
1539.7397397397397,8.442258977557146e-20,1.26424915196324e-13,1.2685558051998854e-11
1541.6416416416416,8.470619729680424e-20,1.2465946942262458e-13,1.2439567733619487e-11
1543.5435435435436,8.499005513869626e-20,1.229229365722411e-13,1.219891824225516e-11
1545.4454454454453,8.52741620421963e-20,1.2121477886252222e-13,1.1963482234214827e-11
1547.3473473473473,8.555851675107971e-20,1.1953446964311325e-13,1.1733135651647377e-11
1549.2492492492493,8.584311801195306e-20,1.178814931431285e-13,1.1507757631923755e-11
1551.1511511511512,8.612796457425826e-20,1.1625534422455387e-13,1.1287230419659739e-11
1553.053053053053,8.641305519027693e-20,1.1465552814171931e-13,1.1071439281297286e-11
1554.954954954955,8.66983886151342e-20,1.1308156030667538e-13,1.0860272422168417e-11
1556.856856856857,8.698396360680295e-20,1.1153296606032447e-13,1.065362090596559e-11
1558.7587587587589,8.726977892610731e-20,1.1000928044914673e-13,1.0451378576545471e-11
1560.6606606606606,8.755583333672645e-20,1.085100480073806e-13,1.0253441981995745e-11
1562.5625625625626,8.784212560519864e-20,1.070348225445078e-13,1.0059710300896511e-11
1564.4644644644645,8.812865450092384e-20,1.0558316693791282e-13,9.87008527070989e-12
1566.3663663663663,8.841541879616778e-20,1.0415465293056977e-13,9.684471118233515e-12
1568.2682682682682,8.870241726606481e-20,1.0274886093363546e-13,9.502774492055588e-12
1570.1701701701702,8.898964868862127e-20,1.0136537983381377e-13,9.324904396951344e-12
1572.0720720720722,8.927711184471826e-20,1.0000380680537165e-13,9.150772130162645e-12
1573.973973973974,8.956480551811474e-20,9.866374712668285e-14,8.980291219503585e-12
1575.8758758758759,8.985272849545017e-20,9.734481400118203e-14,8.81337736323751e-12
1577.7777777777778,9.014087956624737e-20,9.604662838261896e-14,8.64994837167262e-12
1579.6796796796796,9.042925752291482e-20,9.476881880449486e-14,8.48992411042414e-12
1581.5815815815815,9.071786116074943e-20,9.351102121357929e-14,8.333226445293244e-12
1583.4834834834835,9.100668927793869e-20,9.227287880739913e-14,8.179779188714854e-12
1585.3853853853855,9.129574067556304e-20,9.105404187559755e-14,8.029508047726658e-12
1587.2872872872872,9.158501415759787e-20,8.985416764506631e-14,7.88234057341478e-12
1589.1891891891892,9.187450853091597e-20,8.867292012875088e-14,7.738206111791368e-12
1591.0910910910911,9.216422260528888e-20,8.750996997803801e-14,7.597035756062217e-12
1592.992992992993,9.245415519338928e-20,8.636499433863119e-14,7.458762300242167e-12
1594.8948948948948,9.274430511079232e-20,8.523767670982949e-14,7.323320194079286e-12
1596.7967967967968,9.303467117597781e-20,8.412770680711622e-14,7.190645499248054e-12
1598.6986986986988,9.332525221033106e-20,8.303478042798274e-14,7.060675846774767e-12
1600.6006006006005,9.361604703814504e-20,8.195859932089644e-14,6.9333503956580926e-12
1602.5025025025025,9.39070544866213e-20,8.089887105733957e-14,6.808609792649856e-12
1604.4044044044044,9.41982733858713e-20,7.985530890683799e-14,6.686396133161527e-12
1606.3063063063064,9.448970256891788e-20,7.882763171490688e-14,6.5666529232633866e-12
1608.2082082082081,9.478134087169586e-20,7.781556378383879e-14,6.4493250427443666e-12
1610.11011011011,9.507318713305367e-20,7.68188347562604e-14,6.334358709200785e-12
1612.012012012012,9.536524019475363e-20,7.58371795013955e-14,6.2217014431246166e-12
1613.9139139139138,9.565749890147304e-20,7.487033800395824e-14,6.111302033961238e-12
1615.8158158158158,9.594996210080517e-20,7.391805525561597e-14,6.003110507108578e-12
1617.7177177177177,9.62426286432594e-20,7.298008114895718e-14,5.897078091830239e-12
1619.6196196196197,9.6535497382262e-20,7.205617037390079e-14,5.7931571900557424e-12
1621.5215215215214,9.682856717415685e-20,7.114608231648629e-14,5.691301346041861e-12
1623.4234234234234,9.71218368782053e-20,7.02495809599878e-14,5.591465216870433e-12
1625.3253253253254,9.741530535658707e-20,6.936643478829156e-14,5.493604543757753e-12
1627.2272272272273,9.77089714744e-20,6.849641669148331e-14,5.397676124152422e-12
1629.129129129129,9.800283409966026e-20,6.763930387358988e-14,5.303637784598538e-12
1631.031031031031,9.829689210330291e-20,6.679487776242182e-14,5.211448354342036e-12
1632.932932932933,9.859114435918103e-20,6.596292392146757e-14,5.121067639658971e-12
1634.8348348348347,9.888558974406639e-20,6.514323196378507e-14,5.032456398884413e-12
1636.7367367367367,9.918022713764869e-20,6.433559546784552e-14,4.945576318122157e-12
1638.6386386386387,9.947505542253575e-20,6.353981189527961e-14,4.86038998761542e-12
1640.5405405405406,9.977007348425296e-20,6.275568251048045e-14,4.776860878759632e-12
1642.4424424424424,1.0006528021124277e-19,6.198301230201807e-14,4.6949533217386855e-12
1644.3443443443443,1.003606744948646e-19,6.122160990582055e-14,4.614632483766924e-12
1646.2462462462463,1.0065625522939385e-19,6.047128753008086e-14,4.535864347919551e-12
1648.148148148148,1.009520213120213e-19,5.97318608818456e-14,4.4586156925344896e-12
1650.05005005005,1.0124797164285294e-19,5.900314909524528e-14,4.382854071169279e-12
1651.951951951952,1.015441051249086e-19,5.82849746613288e-14,4.30854779309763e-12
1653.853853853854,1.0184042066412116e-19,5.757716335945965e-14,4.235665904329691e-12
1655.7557557557557,1.0213691716933592e-19,5.687954419024022e-14,4.164178169141495e-12
1657.6576576576576,1.0243359355230973e-19,5.6191949309923685e-14,4.094055052099068e-12
1659.5595595595596,1.0273044872770924e-19,5.5514213966281744e-14,4.025267700563042e-12
1661.4614614614613,1.0302748161311065e-19,5.484617643589028e-14,3.957787927660366e-12
1663.3633633633633,1.0332469112899778e-19,5.418767796280031e-14,3.891588195709672e-12
1665.2652652652653,1.0362207619876154e-19,5.353856269856145e-14,3.8266416000877535e-12
1667.1671671671672,1.039196357486978e-19,5.289867764356561e-14,3.762921853524427e-12
1669.069069069069,1.0421736870800667e-19,5.2267872589678745e-14,3.700403270814072e-12
1670.970970970971,1.0451527400879086e-19,5.164600006413075e-14,3.639060753931669e-12
1672.872872872873,1.0481335058605402e-19,5.103291527463448e-14,3.578869777542494e-12
1674.7747747747749,1.0511159737769932e-19,5.042847605570306e-14,3.5198063748941153e-12
1676.6766766766766,1.0541001332452764e-19,4.9832542816139025e-14,3.4618471240799952e-12
1678.5785785785786,1.0570859737023638e-19,4.9244978487665835e-14,3.4049691346644294e-12
1680.4804804804805,1.0600734846141702e-19,4.8665648474677616e-14,3.3491500346587935e-12
1682.3823823823823,1.0630626554755374e-19,4.8094420605077386e-14,3.2943679578391344e-12
1684.2842842842842,1.0660534758102144e-19,4.75311650821813e-14,3.2406015313956965e-12
1686.1861861861862,1.0690459351708384e-19,4.697575443766266e-14,3.1878298639051566e-12
1688.0880880880882,1.0720400231389143e-19,4.6428063485510836e-14,3.1360325336167313e-12
1689.98998998999,1.0750357293247963e-19,4.5887969276983327e-14,3.085189577043243e-12
1691.8918918918919,1.0780330433676623e-19,4.5355351056525575e-14,3.035281477848863e-12
1693.7937937937938,1.0810319549354978e-19,4.4830090218637564e-14,2.986289156025353e-12
1695.6956956956956,1.0840324537250705e-19,4.431207026566536e-14,2.9381939573487714e-12
1697.5975975975975,1.0870345294619098e-19,4.380117676649437e-14,2.8909776431089588e-12
1699.4994994994995,1.0900381719002807e-19,4.3297297316127037e-14,2.8446223801043747e-12
1701.4014014014015,1.093043370823163e-19,4.280032149611953e-14,2.799110730894878e-12
1703.3033033033032,1.0960501160422254e-19,4.2310140835862865e-14,2.75442564430548e-12
1705.2052052052052,1.0990583973978023e-19,4.18266487746848e-14,2.7105504461741336e-12
1707.1071071071071,1.102068204758869e-19,4.1349740624757116e-14,2.667468830337061e-12
1709.009009009009,1.10507952802301e-19,4.087931353478694e-14,2.625164849844848e-12
1710.9109109109108,1.108092357116402e-19,4.041526645447592e-14,2.5836229084033076e-12
1712.8128128128128,1.1111066819937808e-19,3.995750009972951e-14,2.5428277520328617e-12
1714.7147147147148,1.114122492638418e-19,3.9505916918598374e-14,2.5027644609405088e-12
1716.6166166166165,1.1171397790620876e-19,3.9060421057936576e-14,2.463418441598674e-12
1718.5185185185185,1.1201585313050464e-19,3.862091833075909e-14,2.4247754190252784e-12
1720.4204204204204,1.1231787394359965e-19,3.8187316184283275e-14,2.386821429259651e-12
1722.3223223223224,1.1262003935520636e-19,3.775952366863931e-14,2.349542812028997e-12
1724.2242242242241,1.1292234837787628e-19,3.7337451406233604e-14,2.3129262036001664e-12
1726.126126126126,1.1322480002699727e-19,3.6921011561750075e-14,2.276958529811953e-12
1728.028028028028,1.135273933207898e-19,3.651011781277756e-14,2.241626999282937e-12
1729.9299299299298,1.1383012728030467e-19,3.610468532104575e-14,2.2069190967901195e-12
1731.8318318318318,1.1413300092941959e-19,3.570463070425733e-14,2.1728225768139133e-12
1733.7337337337337,1.1443601329483576e-19,3.5309872008505644e-14,2.1393254572449944e-12
1735.6356356356357,1.147391634060751e-19,3.492032868125959e-14,2.1064160132486473e-12
1737.5375375375374,1.1504245029547651e-19,3.4535921544907494e-14,2.074082771282429e-12
1739.4394394394394,1.1534587299819327e-19,3.415657277084525e-14,2.0423145032630976e-12
1741.3413413413414,1.1564943055218878e-19,3.378220585409797e-14,2.0111002208788694e-12
1743.2432432432433,1.159531219982342e-19,3.341274558846171e-14,1.9804291700430505e-12
1745.145145145145,1.1625694637990406e-19,3.304811804215488e-14,1.9502908254853994e-12
1747.047047047047,1.165609027435737e-19,3.2688250533967814e-14,1.9206748854775023e-12
1748.948948948949,1.1686499013841525e-19,3.2333071609899575e-14,1.8915712666887054e-12
1750.8508508508507,1.171692076163941e-19,3.198251102027077e-14,1.8629700991690996e-12
1752.7527527527527,1.1747355423226572e-19,3.1636499697302203e-14,1.8348617214562225e-12
1754.6546546546547,1.177780290435718e-19,3.1294969733149364e-14,1.8072366758022388e-12
1756.5565565565566,1.1808263111063647e-19,3.0957854358382207e-14,1.78008570351849e-12
1758.4584584584584,1.1838735949656298e-19,3.0625087920901074e-14,1.7533997404342157e-12
1760.3603603603603,1.1869221326722983e-19,3.029660586527803e-14,1.727169912466578e-12
1762.2622622622623,1.1899719149128701e-19,2.997234471251651e-14,1.7013875312990453e-12
1764.164164164164,1.1930229324015226e-19,2.96522420402173e-14,1.6760440901652855e-12
1766.066066066066,1.1960751758800724e-19,2.933623646314446e-14,1.651131259735844e-12
1767.967967967968,1.199128636117938e-19,2.902426761418108e-14,1.6266408841049425e-12
1769.86986986987,1.2021833039120997e-19,2.8716276125667074e-14,1.6025649768748023e-12
1771.7717717717717,1.2052391700870606e-19,2.8412203611110273e-14,1.5788957173349458e-12
1773.6736736736736,1.2082962254948111e-19,2.811199264726266e-14,1.5556254467340049e-12
1775.5755755755756,1.2113544610147824e-19,2.7815586756555118e-14,1.5327466646417362e-12
1777.4774774774776,1.2144138675538126e-19,2.752293038988077e-14,1.510252025398806e-12
1779.3793793793793,1.2174744360461037e-19,2.7233968909721388e-14,1.4881343346521324e-12
1781.2812812812813,1.2205361574531807e-19,2.6948648573608464e-14,1.4663865459736172e-12
1783.1831831831832,1.2235990227638525e-19,2.6666916517911776e-14,1.4450017575600804e-12
1785.085085085085,1.2266630229941692e-19,2.6388720741949454e-14,1.423973209012347e-12
1786.986986986987,1.2297281491873822e-19,2.6114010092410353e-14,1.4032942781914007e-12
1788.888888888889,1.2327943924139023e-19,2.5842734248085528e-14,1.3829584781497708e-12
1790.7907907907909,1.235861743771255e-19,2.5574843704898423e-14,1.362959454136066e-12
1792.6926926926926,1.238930194384042e-19,2.531028976123061e-14,1.3432909806709301e-12
1794.5945945945946,1.241999735403897e-19,2.504902450353436e-14,1.3239469586924904e-12
1796.4964964964965,1.2450703580094444e-19,2.4791000792227985e-14,1.3049214127696666e-12
1798.3983983983983,1.248142053406252e-19,2.453617224786618e-14,1.2862084883814728e-12
1800.3003003003003,1.2512148128267936e-19,2.4284493237581053e-14,1.267802449260781e-12
1802.2022022022022,1.2542886275304e-19,2.40359188617868e-14,1.249697674800783e-12
1804.1041041041042,1.257363488803221e-19,2.3790404941143402e-14,1.231888657522712e-12
1806.006006006006,1.2604393879581752e-19,2.3547908003773992e-14,1.2143700006031583e-12
1807.9079079079079,1.2635163163349106e-19,2.330838527272907e-14,1.1971364154595353e-12
1809.8098098098098,1.2665942652997587e-19,2.3071794653694595e-14,1.1801827193922687e-12
1811.7117117117118,1.2696732262456882e-19,2.283809472293711e-14,1.163503833282203e-12
1813.6136136136136,1.2727531905922614e-19,2.2607244715481523e-14,1.1470947793419175e-12
1815.5155155155155,1.2758341497855882e-19,2.237920451351691e-14,1.1309506789195634e-12
1817.4174174174175,1.278916095298285e-19,2.2153934635025235e-14,1.1150667503539398e-12
1819.3193193193192,1.2819990186294218e-19,2.1931396222628676e-14,1.0994383068795037e-12
1821.2212212212212,1.2850829113044815e-19,2.1711551032650434e-14,1.0840607545800994e-12
1823.1231231231232,1.288167764875312e-19,2.1494361424385362e-14,1.0689295903901708e-12
1825.0250250250251,1.2912535709200806e-19,2.1279790349575404e-14,1.0540404001423012e-12
1826.9269269269269,1.2943403210432277e-19,2.1067801342086042e-14,1.0393888566599252e-12
1828.8288288288288,1.297428006875421e-19,2.0858358507779208e-14,1.0249707178940898e-12
1830.7307307307308,1.3005166200735053e-19,2.0651426514579334e-14,1.0107818251032068e-12
1832.6326326326325,1.3036061523204608e-19,2.044697058272727e-14,9.96818101074668e-13
1834.5345345345345,1.3066965953253498e-19,2.024495647521979e-14,9.83075548387398e-13
1836.4364364364365,1.3097879408232737e-19,2.00453504884295e-14,9.695502477142334e-13
1838.3383383383384,1.3128801805753253e-19,1.9848119442902355e-14,9.562383561632254e-13
1840.2402402402402,1.3159733063685377e-19,1.9653230674328648e-14,9.431361056568824e-13
1842.1421421421421,1.3190673100158411e-19,1.946065202468412e-14,9.302398013484088e-13
1844.044044044044,1.3221621833560103e-19,1.9270351833537935e-14,9.175458200740983e-13
1845.945945945946,1.32525791825362e-19,1.9082298929523465e-14,9.050506088409233e-13
1847.8478478478478,1.3283545065989914e-19,1.8896462621969423e-14,8.927506833485052e-13
1849.7497497497498,1.3314519403081528e-19,1.8712812692687147e-14,8.806426265446369e-13
1851.6516516516517,1.3345502113227805e-19,1.8531319387912013e-14,8.687230872135356e-13
1853.5535535535535,1.337649311610154e-19,1.8351953410394657e-14,8.569887785960014e-13
1855.4554554554554,1.3407492331631124e-19,1.8174685911639925e-14,8.454364770407699e-13
1857.3573573573574,1.3438499679999938e-19,1.7999488484289847e-14,8.340630206862491e-13
1859.2592592592594,1.3469515081645984e-19,1.7826333154648436e-14,8.22865308171952e-13
1861.161161161161,1.3500538457261266e-19,1.7655192375344744e-14,8.1184029737887e-13
1863.063063063063,1.3531569727791434e-19,1.7486039018132015e-14,8.009850041981243e-13
1864.964964964965,1.3562608814435154e-19,1.7318846366819698e-14,7.902965013272033e-13
1866.8668668668668,1.359365563864367e-19,1.7153588110336346e-14,7.797719170931248e-13
1868.7687687687687,1.3624710122120336e-19,1.6990238335919462e-14,7.694084343018742e-13
1870.6706706706707,1.365577218682004e-19,1.682877152243166e-14,7.592032891134996e-13
1872.5725725725727,1.3686841754948764e-19,1.666916253379895e-14,7.49153769942251e-13
1874.4744744744744,1.371791874896302e-19,1.6511386612569435e-14,7.392572163811695e-13
1876.3763763763764,1.374900309156944e-19,1.6355419373590057e-14,7.295110181505227e-13
1878.2782782782783,1.3780094705724152e-19,1.6201236797799003e-14,7.199126140695535e-13
1880.18018018018,1.3811193514632353e-19,1.604881522613124e-14,7.104594910509728e-13
1882.082082082082,1.3842299441747795e-19,1.5898131353535047e-14,7.011491831176473e-13
1883.983983983984,1.3873412410772215e-19,1.5749162223097972e-14,6.91979270440987e-13
1885.885885885886,1.3904532345654922e-19,1.560188522027864e-14,6.829473784004827e-13
1887.7877877877877,1.3935659170592187e-19,1.545627806724407e-14,6.740511766639361e-13
1889.6896896896897,1.396679281002678e-19,1.531231881730879e-14,6.652883782878615e-13
1891.5915915915916,1.3997933188647468e-19,1.516998584947501e-14,6.566567388375887e-13
1893.4934934934936,1.4029080231388479e-19,1.5029257863071273e-14,6.48154055526649e-13
1895.3953953953953,1.4060233863428971e-19,1.4890113872487585e-14,6.397781663749217e-13
1897.2972972972973,1.4091394010192557e-19,1.475253320200539e-14,6.315269493851577e-13
1899.1991991991993,1.4122560597346749e-19,1.4616495480720642e-14,6.233983217374323e-13
1901.101101101101,1.4153733550802452e-19,1.4481980637557635e-14,6.153902390011141e-13
1903.003003003003,1.418491279671348e-19,1.4348968896372432e-14,6.075006943639097e-13
1904.904904904905,1.4216098261475948e-19,1.4217440771143804e-14,5.997277178776656e-13
1906.806806806807,1.424728987172786e-19,1.4087377061249952e-14,5.920693757204401e-13
1908.7087087087086,1.4278487554348514e-19,1.3958758846829737e-14,5.84523769474544e-13
1910.6106106106106,1.4309691236458002e-19,1.383156748422616e-14,5.77089035420146e-13
1912.5125125125126,1.4340900845416664e-19,1.3705784601511067e-14,5.697633438440879e-13
1914.4144144144143,1.4372116308824618e-19,1.3581392094089284e-14,5.625448983635701e-13
1916.3163163163163,1.4403337554521203e-19,1.3458372120380521e-14,5.554319352643406e-13
1918.2182182182182,1.4434564510584426e-19,1.3336707097577982e-14,5.484227228530881e-13
1920.1201201201202,1.4465797105330484e-19,1.3216379697481586e-14,5.415155608236855e-13
1922.022022022022,1.4497035267313196e-19,1.3097372842404849e-14,5.347087796369721e-13
1923.923923923924,1.4528278925323553e-19,1.2979669701153953e-14,5.280007399137671e-13
1925.8258258258259,1.4559528008389084e-19,1.2863253685077367e-14,5.213898318408324e-13
1927.7277277277278,1.4590782445773389e-19,1.2748108444185061e-14,5.148744745894413e-13
1929.6296296296296,1.4622042166975614e-19,1.2634217863335544e-14,5.084531157463138e-13
1931.5315315315315,1.4653307101729885e-19,1.2521566058489832e-14,5.021242307566116e-13
1933.4334334334335,1.468457718000485e-19,1.2410137373030745e-14,4.95886322378717e-13
1935.3353353353352,1.471585233200305e-19,1.2299916374146708e-14,4.897379201505503e-13
1937.2372372372372,1.4747132488160472e-19,1.2190887849278267e-14,4.836775798671452e-13
1939.1391391391392,1.4778417579145979e-19,1.2083036802626741e-14,4.777038830692211e-13
1941.0410410410411,1.4809707535860782e-19,1.197634845172338e-14,4.718154365425343e-13
1942.9429429429429,1.4841002289437918e-19,1.1870808224057972e-14,4.660108718277299e-13
1944.8448448448448,1.48723017712417e-19,1.176640175376612e-14,4.602888447404831e-13
1946.7467467467468,1.4903605912867223e-19,1.1663114878373636e-14,4.5464803490168864e-13
1948.6486486486485,1.4934914646139762e-19,1.1560933635597187e-14,4.490871452774707e-13
1950.5505505505505,1.4966227903114336e-19,1.1459844260199997e-14,4.4360490172879506e-13
1952.4524524524525,1.4997545616075077e-19,1.1359833180902195e-14,4.3820005257047786e-13
1954.3543543543544,1.5028867717534775e-19,1.126088701734355e-14,4.328713681393675e-13
1956.2562562562562,1.5060194140234269e-19,1.1162992577099067e-14,4.2761764037149656e-13
1958.1581581581581,1.5091524817141996e-19,1.1066136852745154e-14,4.2243768238801386e-13
1960.06006006006,1.512285968145339e-19,1.0970307018976438e-14,4.1733032808969375e-13
1961.961961961962,1.5154198666590374e-19,1.0875490429771657e-14,4.122944317598318e-13
1963.8638638638638,1.5185541706200823e-19,1.0781674615608002e-14,4.073288676753466e-13
1965.7657657657658,1.5216888734158028e-19,1.0688847280722829e-14,4.0243252972589254e-13
1967.6676676676677,1.524823968456018e-19,1.0596996300422124e-14,3.976043310408305e-13
1969.5695695695695,1.527959449172978e-19,1.0506109718434555e-14,3.928432036238539e-13
1971.4714714714714,1.5310953090213176e-19,1.041617574431047e-14,3.8814809799511824e-13
1973.3733733733734,1.534231541477999e-19,1.0327182750864995e-14,3.8351798284072195e-13
1975.2752752752754,1.5373681400422545e-19,1.0239119271664384e-14,3.789518446693353e-13
1977.177177177177,1.540505098235541e-19,1.0151973998554729e-14,3.744486874758677e-13
1979.079079079079,1.5436424096014805e-19,1.0065735779232446e-14,3.700075324119871e-13
1980.980980980981,1.5467800677058104e-19,9.98039361485565e-15,3.6562741746335343e-13
1982.8828828828828,1.5499180661363235e-19,9.895936657695785e-15,3.613073971334256e-13
1984.7847847847847,1.5530563985028235e-19,9.812354208828375e-15,3.5704654213367555e-13
1986.6866866866867,1.5561950584370645e-19,9.729635715862965e-15,3.5284393908010116e-13
1988.5885885885887,1.5593340395926995e-19,9.647770770710676e-15,3.4869869019587817e-13
1990.4904904904904,1.5624733356452267e-19,9.566749107389302e-15,3.4460991302002477e-13
1992.3923923923924,1.5656129402919376e-19,9.486560599864926e-15,3.405767401219446e-13
1994.2942942942943,1.568752847251862e-19,9.407195259929521e-15,3.365983188217311e-13
1996.1961961961963,1.5718930502657138e-19,9.328643235114076e-15,3.3267381091610146e-13
1998.098098098098,1.575033543095837e-19,9.250894806636051e-15,3.2880239240983103e-13
2000.0,1.578174319526154e-19,9.173940387381259e-15,3.249832532525878e-13
