Lattice parameter (Å) for Au, Potential energy (eV) for Au, Lattice parameter linspace (Å) for Au, Fitted energy (eV) curve for Au
3.5, 1.3172942722813283, 4.0, -2.994979132644602
3.6, -0.3227921643130772, 4.0004, -2.995587101645924
3.7, -1.4609153779263602, 4.0008, -2.9961938318154324
3.8, -2.224600937454859, 4.0012, -2.99679932315307
3.9, -2.7096171569530094, 4.0016, -2.9974035756588933
4.0, -2.9892752684189707, 4.002, -2.9980065893328742
4.1, -3.1200033154838773, 4.0024, -2.9986083641750128
4.2, -3.143870826946738, 4.0028, -2.999208900185323
4.3, -3.092139798138358, 4.0032, -2.999808197363805
4.4, -2.9896726512501175, 4.0036, -3.0004062557104447
4.5, -2.854968383481903, 4.004, -3.001003075225242
, , 4.0044, -3.001598655908225
, , 4.0048, -3.0021929977593516
, , 4.0052, -3.00278610077865
, , 4.0056, -3.0033779649661057
, , 4.006, -3.0039685903217332
, , 4.0064, -3.0045579768455184
, , 4.0068, -3.0051461245374753
, , 4.0072, -3.00573303339759
, , 4.0076, -3.006318703425862
, , 4.008, -3.00690313462232
, , 4.0084, -3.007486326986907
, , 4.0088, -3.0080682805196943
, , 4.0092, -3.008648995220639
, , 4.0096, -3.0092284710897275
, , 4.01, -3.009806708127016
, , 4.0104, -3.0103837063324193
, , 4.0108, -3.010959465706037
, , 4.0112, -3.011533986247784
, , 4.0116, -3.0121072679577026
, , 4.0120000000000005, -3.012679310835793
, , 4.0124, -3.013250114882055
, , 4.0128, -3.0138196800964465
, , 4.0132, -3.014388006479038
, , 4.0136, -3.014955094029787
, , 4.014, -3.0155209427486938
, , 4.0144, -3.016085552635758
, , 4.0148, -3.016648923690994
, , 4.0152, -3.0172110559144016
, , 4.0156, -3.017771949305967
, , 4.016, -3.0183316038656898
, , 4.0164, -3.0188900195935844
, , 4.0168, -3.0194471964896366
, , 4.0172, -3.0200031345538747
, , 4.0176, -3.020557833786242
, , 4.018, -3.0211112941867952
, , 4.0184, -3.021663515755506
, , 4.0188, -3.0222144984923887
, , 4.0192, -3.022764242397443
, , 4.0196, -3.0233127474706265
, , 4.02, -3.02386001371201
, , 4.0204, -3.024406041121537
, , 4.0208, -3.024950829699236
, , 4.0212, -3.0254943794450924
, , 4.0216, -3.0260366903591347
, , 4.022, -3.026577762441306
, , 4.0224, -3.027117595691678
, , 4.0228, -3.027656190110193
, , 4.0232, -3.0281935456968796
, , 4.0236, -3.028729662451724
, , 4.024, -3.029264540374726
, , 4.0244, -3.0297981794659137
, , 4.0248, -3.030330579725245
, , 4.0252, -3.030861741152762
, , 4.0256, -3.0313916637484226
, , 4.026, -3.031920347512255
, , 4.0264, -3.032447792444259
, , 4.0268, -3.0329739985444064
, , 4.0272, -3.03349896581274
, , 4.0276, -3.0340226942492308
, , 4.0280000000000005, -3.0345451838538793
, , 4.0284, -3.0350664346266996
, , 4.0288, -3.0355864465676916
, , 4.0292, -3.036105219676813
, , 4.0296, -3.036622753954134
, , 4.03, -3.037139049399613
, , 4.0304, -3.0376541060132496
, , 4.0308, -3.038167923795058
, , 4.0312, -3.0386805027450094
, , 4.0316, -3.039191842863147
, , 4.032, -3.039701944149442
, , 4.0324, -3.040210806603909
, , 4.0328, -3.0407184302265193
, , 4.0332, -3.0412248150173156
, , 4.0336, -3.0417299609762694
, , 4.034, -3.0422338681033665
, , 4.0344, -3.042736536398664
, , 4.0348, -3.0432379658621045
, , 4.0352, -3.043738156493717
, , 4.0356, -3.044237108293501
, , 4.036, -3.0447348212614145
, , 4.0364, -3.045231295397528
, , 4.0368, -3.045726530701785
, , 4.0372, -3.0462205271742135
, , 4.0376, -3.046713284814814
, , 4.038, -3.047204803623572
, , 4.0384, -3.0476950836004875
, , 4.0388, -3.0481841247455748
, , 4.0392, -3.048671927058834
, , 4.0396, -3.0491584905402362
, , 4.04, -3.0496438151898246
, , 4.0404, -3.0501279010075564
, , 4.0408, -3.050610747993474
, , 4.0412, -3.0510923561475494
, , 4.0416, -3.051572725469782
, , 4.042, -3.0520518559601726
, , 4.0424, -3.0525297476187347
, , 4.0428, -3.0530064004454687
, , 4.0432, -3.053481814440346
, , 4.0436, -3.053955989603409
, , 4.0440000000000005, -3.05442892593463
, , 4.0444, -3.0549006234340084
, , 4.0448, -3.0553710821015585
, , 4.0452, -3.0558403019372804
, , 4.0456, -3.0563082829411456
, , 4.046, -3.056775025113197
, , 4.0464, -3.0572405284534057
, , 4.0468, -3.057704792961772
, , 4.0472, -3.05816781863831
, , 4.0476, -3.0586296054829916
, , 4.048, -3.059090153495873
, , 4.0484, -3.059549462676884
, , 4.0488, -3.0600075330260808
, , 4.0492, -3.0604643645434493
, , 4.0496, -3.060919957228947
, , 4.05, -3.061374311082645
, , 4.0504, -3.061827426104486
, , 4.0508, -3.0622793022944848
, , 4.0512, -3.0627299396526695
, , 4.0516, -3.0631793381789976
, , 4.052, -3.0636274978735116
, , 4.0524000000000004, -3.0640744187361832
, , 4.0528, -3.0645201007670124
, , 4.0532, -3.064964543965999
, , 4.0536, -3.0654077483331577
, , 4.054, -3.065849713868488
, , 4.0544, -3.06629044057199
, , 4.0548, -3.066729928443621
, , 4.0552, -3.0671681774834525
, , 4.0556, -3.067605187691427
, , 4.056, -3.0680409590675737
, , 4.0564, -3.068475491611892
, , 4.0568, -3.0689087853243393
, , 4.0572, -3.069340840205001
, , 4.0576, -3.069771656253792
, , 4.058, -3.0702012334707547
, , 4.0584, -3.0706295718559034
, , 4.0588, -3.071056671409181
, , 4.0592, -3.071482532130645
, , 4.0596, -3.0719071540202663
, , 4.0600000000000005, -3.072330537078045
, , 4.0604000000000005, -3.072752681303996
, , 4.0608, -3.0731735866981325
, , 4.0612, -3.073593253260384
, , 4.0616, -3.07401168099085
, , 4.062, -3.074428869889445
, , 4.0624, -3.074844819956212
, , 4.0628, -3.0752595311911506
, , 4.0632, -3.075673003594247
, , 4.0636, -3.076085237165529
, , 4.064, -3.0764962319049403
, , 4.0644, -3.0769059878125375
, , 4.0648, -3.0773145048882924
, , 4.0652, -3.077721783132219
, , 4.0656, -3.0781278225443174
, , 4.066, -3.078532623124545
, , 4.0664, -3.0789361848729726
, , 4.0668, -3.0793385077895437
, , 4.0672, -3.0797395918742865
, , 4.0676, -3.080139437127187
, , 4.068, -3.080538043548259
, , 4.0684000000000005, -3.0809354111374887
, , 4.0688, -3.08133153989489
, , 4.0692, -3.081726429820449
, , 4.0696, -3.08212008091418
, , 4.07, -3.0825124931760826
, , 4.0704, -3.0829036666061143
, , 4.0708, -3.083293601204346
, , 4.0712, -3.0836822969707356
, , 4.0716, -3.0840697539052826
, , 4.072, -3.084455972007987
, , 4.0724, -3.0848409512788635
, , 4.0728, -3.0852246917179116
, , 4.0732, -3.085607193325103
, , 4.0736, -3.0859884561004804
, , 4.074, -3.086368480044001
, , 4.0744, -3.086747265155708
, , 4.0748, -3.0871248114355723
, , 4.0752, -3.08750111888358
, , 4.0756, -3.0878761874997878
, , 4.0760000000000005, -3.088250017284139
, , 4.0764000000000005, -3.0886226082366477
, , 4.0768, -3.088993960357328
, , 4.0772, -3.0893640736461805
, , 4.0776, -3.089732948103176
, , 4.078, -3.090100583728372
, , 4.0784, -3.090466980521697
, , 4.0788, -3.090832138483208
, , 4.0792, -3.0911960576128763
, , 4.0796, -3.091558737910688
, , 4.08, -3.0919201793767
, , 4.0804, -3.0922803820108555
, , 4.0808, -3.0926393458131827
, , 4.0812, -3.0929970707836674
, , 4.0816, -3.0933535569223096
, , 4.082, -3.093708804229138
, , 4.0824, -3.0940628127041094
, , 4.0828, -3.094415582347253
, , 4.0832, -3.094767113158568
, , 4.0836, -3.0951174051380406
, , 4.084, -3.095466458285685
, , 4.0844000000000005, -3.095814272601487
, , 4.0848, -3.0961608480854323
, , 4.0852, -3.0965061847375637
, , 4.0856, -3.0968502825578668
, , 4.086, -3.097193141546313
, , 4.0864, -3.0975347617029456
, , 4.0868, -3.0978751430277214
, , 4.0872, -3.098214285520683
, , 4.0876, -3.098552189181788
, , 4.088, -3.098888854011065
, , 4.0884, -3.099224280008528
, , 4.0888, -3.0995584671741057
, , 4.0892, -3.099891415507898
, , 4.0896, -3.1002231250098333
, , 4.09, -3.1005535956799264
, , 4.0904, -3.100882827518191
, , 4.0908, -3.1012108205246136
, , 4.0912, -3.1015375746992078
, , 4.0916, -3.1018630900419453
, , 4.0920000000000005, -3.102187366552883
, , 4.0924000000000005, -3.102510404231964
, , 4.0928, -3.102832203079217
, , 4.0932, -3.103152763094627
, , 4.0936, -3.1034720842782093
, , 4.094, -3.103790166629935
, , 4.0944, -3.1041070101498462
, , 4.0948, -3.1044226148379153
, , 4.0952, -3.104736980694142
, , 4.0956, -3.1050501077185544
, , 4.096, -3.105361995911096
, , 4.0964, -3.105672645271838
, , 4.0968, -3.105982055800723
, , 4.0972, -3.10629022749778
, , 4.0976, -3.1065971603629947
, , 4.098, -3.106902854396367
, , 4.0984, -3.107207309597925
, , 4.0988, -3.1075105259676263
, , 4.0992, -3.1078125035055137
, , 4.0996, -3.1081132422115445
, , 4.1, -3.108412742085747
, , 4.1004000000000005, -3.1087110031281213
, , 4.1008000000000004, -3.109008025338653
, , 4.1012, -3.109303808717357
, , 4.1016, -3.1095983532642038
, , 4.102, -3.1098916589792367
, , 4.1024, -3.110183725862413
, , 4.1028, -3.1104745539137753
, , 4.1032, -3.110764143133281
, , 4.1036, -3.1110524935209725
, , 4.104, -3.1113396050768216
, , 4.1044, -3.1116254778008283
, , 4.1048, -3.111910111693007
, , 4.1052, -3.1121935067533286
, , 4.1056, -3.1124756629818364
, , 4.106, -3.112756580378502
, , 4.1064, -3.1130362589433247
, , 4.1068, -3.1133146986763194
, , 4.1072, -3.1135918995774716
, , 4.1076, -3.11386786164681
, , 4.1080000000000005, -3.1141425848842914
, , 4.1084000000000005, -3.1144160692899447
, , 4.1088000000000005, -3.1146883148637556
, , 4.1092, -3.1149593216057525
, , 4.1096, -3.1152290895158785
, , 4.11, -3.1154976185941905
, , 4.1104, -3.11576490884066
, , 4.1108, -3.1160309602553014
, , 4.1112, -3.1162957728381
, , 4.1116, -3.1165593465890566
, , 4.112, -3.116821681508199
, , 4.1124, -3.1170827775954706
, , 4.1128, -3.1173426348509423
, , 4.1132, -3.1176012532745574
, , 4.1136, -3.1178586328663442
, , 4.114, -3.118114773626303
, , 4.1144, -3.1183696755543906
, , 4.1148, -3.1186233386506927
, , 4.1152, -3.118875762915124
, , 4.1156, -3.119126948347727
, , 4.116, -3.119376894948502
, , 4.1164000000000005, -3.1196256027174485
, , 4.1168000000000005, -3.119873071654524
, , 4.1172, -3.1201193017598
, , 4.1176, -3.1203642930332194
, , 4.118, -3.1206080454748104
, , 4.1184, -3.120850559084559
, , 4.1188, -3.1210918338624793
, , 4.1192, -3.1213318698085715
, , 4.1196, -3.121570666922821
, , 4.12, -3.1218082252052284
, , 4.1204, -3.1220445446558074
, , 4.1208, -3.122279625274544
, , 4.1212, -3.1225134670614523
, , 4.1216, -3.122746070016504
, , 4.122, -3.122977434139756
, , 4.1224, -3.123207559431137
, , 4.1228, -3.123436445890704
, , 4.1232, -3.1236640935184425
, , 4.1236, -3.1238905023143104
, , 4.1240000000000006, -3.1241156722783643
, , 4.1244000000000005, -3.12433960341059
, , 4.1248000000000005, -3.124562295710973
, , 4.1252, -3.124783749179514
, , 4.1256, -3.1250039638162406
, , 4.126, -3.1252229396210964
, , 4.1264, -3.1254406765941383
, , 4.1268, -3.1256571747353377
, , 4.1272, -3.125872434044709
, , 4.1276, -3.1260864545222375
, , 4.128, -3.126299236167924
, , 4.1284, -3.126510778981796
, , 4.1288, -3.1267210829637975
, , 4.1292, -3.126930148113999
, , 4.1296, -3.127137974432344
, , 4.13, -3.1273445619188607
, , 4.1304, -3.127549910573549
, , 4.1308, -3.127754020396381
, , 4.1312, -3.1279568913873987
, , 4.1316, -3.128158523546574
, , 4.132, -3.128358916873907
, , 4.1324000000000005, -3.1285580713694117
, , 4.1328000000000005, -3.128755987033088
, , 4.1332, -3.128952663864908
, , 4.1336, -3.1291481018648994
, , 4.134, -3.1293423010330486
, , 4.1344, -3.1295352613693694
, , 4.1348, -3.129726982873862
, , 4.1352, -3.1299174655465123
, , 4.1356, -3.1301067093873343
, , 4.136, -3.1302947143962996
, , 4.1364, -3.130481480573451
, , 4.1368, -3.1306670079187455
, , 4.1372, -3.130851296432212
, , 4.1376, -3.1310343461138643
, , 4.138, -3.13121615696366
, , 4.1384, -3.1313967289816134
, , 4.1388, -3.1315760621677384
, , 4.1392, -3.1317541565220353
, , 4.1396, -3.1319310120444896
, , 4.140000000000001, -3.132106628735116
, , 4.1404000000000005, -3.1322810065938995
, , 4.1408000000000005, -3.132454145620841
, , 4.1412, -3.132626045815954
, , 4.1416, -3.1327967071792244
, , 4.142, -3.132966129710667
, , 4.1424, -3.133134313410281
, , 4.1428, -3.1333012582780526
, , 4.1432, -3.133466964313982
, , 4.1436, -3.133631431518083
, , 4.144, -3.1337946598903414
, , 4.1444, -3.1339566494307576
, , 4.1448, -3.1341174001393597
, , 4.1452, -3.134276912016105
, , 4.1456, -3.1344351850610224
, , 4.146, -3.1345922192741114
, , 4.1464, -3.134748014655358
, , 4.1468, -3.1349025712047762
, , 4.1472, -3.135055888922352
, , 4.1476, -3.1352079678080855
, , 4.148, -3.1353588078619765
, , 4.1484000000000005, -3.1355084090840535
, , 4.1488000000000005, -3.135656771474274
, , 4.1492, -3.13580389503268
, , 4.1496, -3.135949779759244
, , 4.15, -3.1360944256539653
, , 4.1504, -3.1362378327168443
, , 4.1508, -3.136380000947895
, , 4.1512, -3.1365209303471175
, , 4.1516, -3.1366606209144976
, , 4.152, -3.1367990726500494
, , 4.1524, -3.136936285553759
, , 4.1528, -3.1370722596256257
, , 4.1532, -3.1372069948656645
, , 4.1536, -3.1373404912738607
, , 4.154, -3.1374727488502288
, , 4.1544, -3.1376037675947686
, , 4.1548, -3.1377335475074517
, , 4.1552, -3.1378620885883066
, , 4.1556, -3.1379893908373333
, , 4.156000000000001, -3.1381154542545318
, , 4.1564000000000005, -3.1382402788398736
, , 4.1568000000000005, -3.138363864593387
, , 4.1572000000000005, -3.1384862115150582
, , 4.1576, -3.138607319604901
, , 4.158, -3.138727188862916
, , 4.1584, -3.138845819289088
, , 4.1588, -3.138963210883432
, , 4.1592, -3.1390793636459193
, , 4.1596, -3.1391942775765784
, , 4.16, -3.1393079526754093
, , 4.1604, -3.1394203889423977
, , 4.1608, -3.139531586377572
, , 4.1612, -3.13964154498089
, , 4.1616, -3.139750264752365
, , 4.162, -3.1398577456920123
, , 4.1624, -3.139963987799831
, , 4.1628, -3.1400689910757933
, , 4.1632, -3.1401727555199557
, , 4.1636, -3.1402752811322614
, , 4.164, -3.1403765679127247
, , 4.1644000000000005, -3.1404766158613597
, , 4.1648000000000005, -3.1405754249781523
, , 4.1652000000000005, -3.140672995263131
, , 4.1656, -3.140769326716253
, , 4.166, -3.1408644193375324
, , 4.1664, -3.1409582731269836
, , 4.1668, -3.1410508880846066
, , 4.1672, -3.1411422642103872
, , 4.1676, -3.1412324015043396
, , 4.168, -3.1413212999664495
, , 4.1684, -3.141408959596731
, , 4.1688, -3.1414953803951704
, , 4.1692, -3.141580562361767
, , 4.1696, -3.1416645054965358
, , 4.17, -3.141747209799476
, , 4.1704, -3.141828675270574
, , 4.1708, -3.1419089019098294
, , 4.1712, -3.1419878897172424
, , 4.1716, -3.1420656386928414
, , 4.172000000000001, -3.1421421488365837
, , 4.1724000000000006, -3.142217420148512
, , 4.1728000000000005, -3.142291452628598
, , 4.1732000000000005, -3.1423642462768413
, , 4.1736, -3.1424358010932423
, , 4.174, -3.142506117077815
, , 4.1744, -3.1425751942305453
, , 4.1748, -3.1426430325514616
, , 4.1752, -3.1427096320405354
, , 4.1756, -3.1427749926977526
, , 4.176, -3.142839114523156
, , 4.1764, -3.1429019975167023
, , 4.1768, -3.142963641678435
, , 4.1772, -3.143024047008325
, , 4.1776, -3.1430832135063724
, , 4.178, -3.143141141172592
, , 4.1784, -3.1431978300069687
, , 4.1788, -3.143253280009503
, , 4.1792, -3.1433074911802237
, , 4.1796, -3.1433604635191017
, , 4.18, -3.143412197026123
, , 4.180400000000001, -3.1434626917013304
, , 4.1808000000000005, -3.1435119475446953
, , 4.1812000000000005, -3.143559964556218
, , 4.1816, -3.143606742735926
, , 4.182, -3.143652282083778
, , 4.1824, -3.1436965825998016
, , 4.1828, -3.1437396442839827
, , 4.1832, -3.1437814671363213
, , 4.1836, -3.1438220511568318
, , 4.184, -3.143861396345528
, , 4.1844, -3.143899502702368
, , 4.1848, -3.1439363702273653
, , 4.1852, -3.1439719989205344
, , 4.1856, -3.144006388781875
, , 4.186, -3.1440395398113594
, , 4.1864, -3.144071452009044
, , 4.1868, -3.1441021253748715
, , 4.1872, -3.144131559908857
, , 4.1876, -3.144159755611014
, , 4.188000000000001, -3.1441867124813285
, , 4.188400000000001, -3.144212430519815
, , 4.1888000000000005, -3.144236909726473
, , 4.1892000000000005, -3.1442601501012746
, , 4.1896, -3.144282151644248
, , 4.19, -3.144302914355393
, , 4.1904, -3.1443224382346955
, , 4.1908, -3.14434072328217
, , 4.1912, -3.1443577694978018
, , 4.1916, -3.1443735768815912
, , 4.192, -3.1443881454335525
, , 4.1924, -3.1444014751536713
, , 4.1928, -3.144413566041962
, , 4.1932, -3.144424418098424
, , 4.1936, -3.144434031323044
, , 4.194, -3.1444424057158216
, , 4.1944, -3.144449541276771
, , 4.1948, -3.1444554380058776
, , 4.1952, -3.144460095903156
, , 4.1956, -3.1444635149686064
, , 4.196, -3.1444656952022
, , 4.196400000000001, -3.1444666366039655
, , 4.1968000000000005, -3.1444663391738885
, , 4.1972000000000005, -3.1444648029119833
, , 4.1976, -3.144462027818264
, , 4.198, -3.144458013892674
, , 4.1984, -3.1444527611352697
, , 4.1988, -3.144446269546009
, , 4.1992, -3.144438539124934
, , 4.1996, -3.1444295698720026
, , 4.2, -3.144419361787257
, , 4.2004, -3.144407914870669
, , 4.2008, -3.144395229122239
, , 4.2012, -3.14438130454198
, , 4.2016, -3.144366141129879
, , 4.202, -3.1443497388859356
, , 4.2024, -3.144332097810178
, , 4.2028, -3.144313217902564
, , 4.2032, -3.1442930991631215
, , 4.2036, -3.144271741591851
, , 4.204000000000001, -3.1442491451887236
, , 4.204400000000001, -3.1442253099537822
, , 4.2048000000000005, -3.1442002358869985
, , 4.2052000000000005, -3.1441739229883723
, , 4.2056000000000004, -3.144146371257918
, , 4.206, -3.144117580695621
, , 4.2064, -3.144087551301496
, , 4.2068, -3.1440562830755425
, , 4.2072, -3.1440237760177325
, , 4.2076, -3.1439900301280943
, , 4.208, -3.143955045406628
, , 4.2084, -3.143918821853319
, , 4.2088, -3.1438813594681676
, , 4.2092, -3.1438426582512022
, , 4.2096, -3.14380271820238
, , 4.21, -3.14376153932173
, , 4.2104, -3.1437191216092373
, , 4.2108, -3.1436754650649164
, , 4.2112, -3.143630569688753
, , 4.2116, -3.1435844354807756
, , 4.212, -3.1435370624409416
, , 4.212400000000001, -3.143488450569265
, , 4.2128000000000005, -3.1434385998657604
, , 4.2132000000000005, -3.1433875103304274
, , 4.2136000000000005, -3.143335181963252
, , 4.214, -3.1432816147642484
, , 4.2144, -3.1432268087334023
, , 4.2148, -3.143170763870714
, , 4.2152, -3.143113480176197
, , 4.2156, -3.143054957649838
, , 4.216, -3.1429951962916505
, , 4.2164, -3.142934196101635
, , 4.2168, -3.1428719570797767
, , 4.2172, -3.142808479226076
, , 4.2176, -3.1427437625405474
, , 4.218, -3.1426778070231762
, , 4.2184, -3.142610612673977
, , 4.2188, -3.142542179492935
, , 4.2192, -3.142472507480065
, , 4.2196, -3.1424015966353522
, , 4.220000000000001, -3.1423294469587972
, , 4.220400000000001, -3.142256058450414
, , 4.2208000000000006, -3.1421814311102025
, , 4.2212000000000005, -3.1421055649381486
, , 4.2216000000000005, -3.1420284599342523
, , 4.222, -3.1419501160985277
, , 4.2224, -3.1418705334309607
, , 4.2228, -3.1417897119315654
, , 4.2232, -3.141707651600342
, , 4.2236, -3.141624352437262
, , 4.224, -3.1415398144423534
, , 4.2244, -3.141454037615617
, , 4.2248, -3.1413670219570378
, , 4.2252, -3.1412787674666163
, , 4.2256, -3.1411892741443808
, , 4.226, -3.141098541990303
, , 4.2264, -3.141006571004368
, , 4.2268, -3.1409133611866196
, , 4.2272, -3.1408189125370143
, , 4.2276, -3.140723225055595
, , 4.228, -3.1406262987423332
, , 4.228400000000001, -3.140528133597229
, , 4.228800000000001, -3.1404287296202966
, , 4.2292000000000005, -3.1403280868115218
, , 4.2296000000000005, -3.1402262051709187
, , 4.23, -3.1401230846984873
, , 4.2304, -3.1400187253941994
, , 4.2308, -3.139913127258083
, , 4.2312, -3.1398062902901245
, , 4.2316, -3.1396982144903376
, , 4.232, -3.1395888998587225
, , 4.2324, -3.139478346395279
, , 4.2328, -3.139366554099979
, , 4.2332, -3.139253522972851
, , 4.2336, -3.13913925301388
, , 4.234, -3.139023744223067
, , 4.2344, -3.1389069966004257
, , 4.2348, -3.1387890101459703
, , 4.2352, -3.1386697848596583
, , 4.2356, -3.138549320741518
, , 4.236000000000001, -3.1384276177915353
, , 4.236400000000001, -3.13830467600971
, , 4.236800000000001, -3.138180495396057
, , 4.2372000000000005, -3.138055075950575
, , 4.2376000000000005, -3.137928417673251
, , 4.238, -3.137800520564099
, , 4.2384, -3.13767138462309
, , 4.2388, -3.137541009850267
, , 4.2392, -3.1374093962456016
, , 4.2396, -3.1372765438090937
, , 4.24, -3.1371424525407576
, , 4.2404, -3.137007122440579
, , 4.2408, -3.1368705535085724
, , 4.2412, -3.136732745744723
, , 4.2416, -3.1365936991490457
, , 4.242, -3.136453413721526
, , 4.2424, -3.1363118894621778
, , 4.2428, -3.136169126370987
, , 4.2432, -3.1360251244479542
, , 4.2436, -3.135879883693093
, , 4.244, -3.1357334041064036
, , 4.244400000000001, -3.1355856856878717
, , 4.244800000000001, -3.1354367284374973
, , 4.2452000000000005, -3.1352865323552948
, , 4.2456000000000005, -3.1351350974412497
, , 4.246, -3.1349824236953623
, , 4.2464, -3.134828511117661
, , 4.2468, -3.134673359708117
, , 4.2472, -3.1345169694667305
, , 4.2476, -3.1343593403935017
, , 4.248, -3.1342004724884447
, , 4.2484, -3.1340403657515736
, , 4.2488, -3.133879020182846
, , 4.2492, -3.1337164357822758
, , 4.2496, -3.1335526125498774
, , 4.25, -3.1333875504856366
, , 4.2504, -3.1332212495895675
, , 4.2508, -3.13305370986167
, , 4.2512, -3.1328849313019305
, , 4.2516, -3.1327149139103483
, , 4.252000000000001, -3.1325436576869237
, , 4.252400000000001, -3.132371162631671
, , 4.252800000000001, -3.1321974287445897
, , 4.2532000000000005, -3.1320224560256804
, , 4.2536000000000005, -3.1318462444749144
, , 4.2540000000000004, -3.1316687940923202
, , 4.2544, -3.131490104877898
, , 4.2548, -3.1313101768316187
, , 4.2552, -3.1311290099535256
, , 4.2556, -3.1309466042436043
, , 4.256, -3.1307629597018263
, , 4.2564, -3.130578076328206
, , 4.2568, -3.1303919541227714
, , 4.2572, -3.1302045930854803
, , 4.2576, -3.130015993216361
, , 4.258, -3.1298261545154276
, , 4.2584, -3.1296350769826375
, , 4.2588, -3.129442760618005
, , 4.2592, -3.1292492054215444
, , 4.2596, -3.1290544113932555
, , 4.26, -3.1288583785331383
, , 4.260400000000001, -3.1286611068411645
, , 4.260800000000001, -3.1284625963173625
, , 4.2612000000000005, -3.128262846961718
, , 4.2616000000000005, -3.1280618587742453
, , 4.2620000000000005, -3.12785963175493
, , 4.2624, -3.127656165903801
, , 4.2628, -3.127451461220815
, , 4.2632, -3.127245517706001
, , 4.2636, -3.1270383353593445
, , 4.264, -3.1268299141808455
, , 4.2644, -3.1266202541705184
, , 4.2648, -3.126409355328377
, , 4.2652, -3.1261972176543793
, , 4.2656, -3.125983841148539
, , 4.266, -3.1257692258108705
, , 4.2664, -3.1255533716413595
, , 4.2668, -3.1253362786400203
, , 4.2672, -3.125117946806853
, , 4.2676, -3.124898376141843
, , 4.268000000000001, -3.1246775666449906
, , 4.268400000000001, -3.12445551831631
, , 4.268800000000001, -3.124232231155787
, , 4.2692000000000005, -3.124007705163436
, , 4.2696000000000005, -3.123781940339242
, , 4.2700000000000005, -3.1235549366832203
, , 4.2704, -3.123326694195356
, , 4.2708, -3.123097212875649
, , 4.2712, -3.122866492724114
, , 4.2716, -3.122634533740765
, , 4.272, -3.1224013359255594
, , 4.2724, -3.122166899278511
, , 4.2728, -3.121931223799635
, , 4.2732, -3.121694309488916
, , 4.2736, -3.121456156346369
, , 4.274, -3.1212167643719937
, , 4.2744, -3.1209761335657618
, , 4.2748, -3.1207342639277016
, , 4.2752, -3.120491155457813
, , 4.2756, -3.1202468081560824
, , 4.276, -3.120001222022509
, , 4.276400000000001, -3.1197543970571218
, , 4.276800000000001, -3.119506333259892
, , 4.277200000000001, -3.11925703063082
, , 4.2776000000000005, -3.119006489169905
, , 4.2780000000000005, -3.1187547088771623
, , 4.2784, -3.118501689752577
, , 4.2788, -3.1182474317961777
, , 4.2792, -3.1179919350079217
, , 4.2796, -3.1177351993878375
, , 4.28, -3.117477224935911
, , 4.2804, -3.117218011652156
, , 4.2808, -3.116957559536573
, , 4.2812, -3.116695868589133
, , 4.2816, -3.116432938809865
, , 4.282, -3.116168770198769
, , 4.2824, -3.11590336275583
, , 4.2828, -3.115636716481049
, , 4.2832, -3.115368831374454
, , 4.2836, -3.115099707436002
, , 4.284000000000001, -3.114829344665722
, , 4.284400000000001, -3.1145577430635996
, , 4.284800000000001, -3.114284902629649
, , 4.285200000000001, -3.1140108233638557
, , 4.2856000000000005, -3.1137355052662485
, , 4.2860000000000005, -3.1134589483367847
, , 4.2864, -3.1131811525754784
, , 4.2868, -3.112902117982344
, , 4.2872, -3.1126218445573812
, , 4.2876, -3.112340332300576
, , 4.288, -3.1120575812119426
, , 4.2884, -3.111773591291467
, , 4.2888, -3.1114883625391627
, , 4.2892, -3.111201894955002
, , 4.2896, -3.1109141885390272
, , 4.29, -3.110625243291196
, , 4.2904, -3.1103350592115646
, , 4.2908, -3.1100436363000625
, , 4.2912, -3.1097509745567464
, , 4.2916, -3.1094570739815737
, , 4.292, -3.1091619345745727
, , 4.292400000000001, -3.1088655563357577
, , 4.292800000000001, -3.108567939265086
, , 4.293200000000001, -3.108269083362572
, , 4.2936000000000005, -3.1079689886282296
, , 4.2940000000000005, -3.107667655062059
, , 4.2944, -3.107365082664046
, , 4.2948, -3.1070612714342047
, , 4.2952, -3.106756221372521
, , 4.2956, -3.106449932478995
, , 4.296, -3.1061424047536406
, , 4.2964, -3.1058336381964438
, , 4.2968, -3.1055236328074187
, , 4.2972, -3.1052123885865655
, , 4.2976, -3.1048999055338555
, , 4.298, -3.1045861836493174
, , 4.2984, -3.104271222932951
, , 4.2988, -3.103955023384742
, , 4.2992, -3.103637585004691
, , 4.2996, -3.1033189077928256
, , 4.300000000000001, -3.102998991749118
, , 4.300400000000001, -3.1026778368735677
, , 4.300800000000001, -3.102355443166175
, , 4.301200000000001, -3.102031810626954
, , 4.3016000000000005, -3.101706939255905
, , 4.3020000000000005, -3.1013808290530136
, , 4.3024000000000004, -3.1010534800182796
, , 4.3028, -3.100724892151703
, , 4.3032, -3.100395065453313
, , 4.3036, -3.1000639999230657
, , 4.304, -3.0997316955610046
, , 4.3044, -3.099398152367101
, , 4.3048, -3.099063370341355
, , 4.3052, -3.0987273494837666
, , 4.3056, -3.09839008979435
, , 4.306, -3.098051591273091
, , 4.3064, -3.0977118539200177
, , 4.3068, -3.097370877735102
, , 4.3072, -3.09702866271833
, , 4.3076, -3.0966852088697294
, , 4.308, -3.0963405161893007
, , 4.308400000000001, -3.0959945846770296
, , 4.308800000000001, -3.0956474143329444
, , 4.309200000000001, -3.0952990051570026
, , 4.3096000000000005, -3.0949493571492326
, , 4.3100000000000005, -3.09459847030962
, , 4.3104000000000005, -3.094246344638165
, , 4.3108, -3.093892980134896
, , 4.3112, -3.0935383767997706
, , 4.3116, -3.093182534632817
, , 4.312, -3.0928254536340347
, , 4.3124, -3.092467133803396
, , 4.3128, -3.0921075751409433
, , 4.3132, -3.091746777646648
, , 4.3136, -3.0913847413205247
, , 4.314, -3.0910214661625446
, , 4.3144, -3.0906569521727363
, , 4.3148, -3.0902911993510997
, , 4.3152, -3.0899242076976208
, , 4.3156, -3.0895559772123278
, , 4.316000000000001, -3.089186507895178
, , 4.316400000000001, -3.088815799746186
, , 4.316800000000001, -3.0884438527653657
, , 4.317200000000001, -3.088070666952703
, , 4.3176000000000005, -3.087696242308212
, , 4.3180000000000005, -3.0873205788318927
, , 4.3184000000000005, -3.086943676523731
, , 4.3188, -3.086565535383727
, , 4.3192, -3.0861861554118946
, , 4.3196, -3.0858055366082198
, , 4.32, -3.0854236789727167
, , 4.3204, -3.0850405825053855
, , 4.3208, -3.084656247206212
, , 4.3212, -3.0842706730751956
, , 4.3216, -3.083883860112337
, , 4.322, -3.0834958083176502
, , 4.3224, -3.0831065176911494
, , 4.3228, -3.082715988232792
, , 4.3232, -3.082324219942592
, , 4.3236, -3.081931212820564
, , 4.324, -3.081536966866693
, , 4.324400000000001, -3.0811414820809944
, , 4.324800000000001, -3.0807447584634673
, , 4.325200000000001, -3.0803467960140978
, , 4.3256000000000006, -3.079947594732886
, , 4.3260000000000005, -3.0795471546198314
, , 4.3264000000000005, -3.079145475674949
, , 4.3268, -3.078742557898238
, , 4.3272, -3.078338401289699
, , 4.3276, -3.0779330058493173
, , 4.328, -3.077526371577079
, , 4.3284, -3.077118498473027
, , 4.3288, -3.076709386537132
, , 4.3292, -3.076299035769395
, , 4.3296, -3.075887446169844
, , 4.33, -3.0754746177384362
, , 4.3304, -3.0750605504752
, , 4.3308, -3.0746452443801218
, , 4.3312, -3.074228699453215
, , 4.3316, -3.073810915694466
, , 4.332000000000001, -3.0733918931038886
, , 4.332400000000001, -3.072971631681469
, , 4.332800000000001, -3.0725501314272208
, , 4.333200000000001, -3.0721273923411303
, , 4.333600000000001, -3.0717034144231974
, , 4.3340000000000005, -3.0712781976734504
, , 4.3344000000000005, -3.070851742091861
, , 4.3348, -3.0704240476784292
, , 4.3352, -3.069995114433155
, , 4.3356, -3.0695649423560525
, , 4.336, -3.0691335314471075
, , 4.3364, -3.0687008817063486
, , 4.3368, -3.068266993133733
, , 4.3372, -3.067831865729275
, , 4.3376, -3.067395499493003
, , 4.338, -3.066957894424874
, , 4.3384, -3.066519050524917
, , 4.3388, -3.066078967793146
, , 4.3392, -3.0656376462295185
, , 4.3396, -3.0651950858340484
, , 4.34, -3.06475128660675
, , 4.340400000000001, -3.0643062485476094
, , 4.340800000000001, -3.0638599716566546
, , 4.341200000000001, -3.063412455933843
, , 4.341600000000001, -3.0629637013792035
, , 4.3420000000000005, -3.0625137079927214
, , 4.3424000000000005, -3.062062475774411
, , 4.3428, -3.0616100047242583
, , 4.3432, -3.0611562948422915
, , 4.3436, -3.060701346128468
, , 4.344, -3.060245158582802
, , 4.3444, -3.059787732205308
, , 4.3448, -3.0593290669959856
, , 4.3452, -3.058869162954821
, , 4.3456, -3.0584080200818278
, , 4.346, -3.0579456383769923
, , 4.3464, -3.0574820178403144
, , 4.3468, -3.057017158471808
, , 4.3472, -3.056551060271474
, , 4.3476, -3.056083723239283
, , 4.348000000000001, -3.0556151473752777
, , 4.348400000000001, -3.0551453326794302
, , 4.348800000000001, -3.0546742791517403
, , 4.349200000000001, -3.054201986792222
, , 4.349600000000001, -3.0537284556008615
, , 4.3500000000000005, -3.0532536855776584
, , 4.3504000000000005, -3.0527776767226413
, , 4.3508000000000004, -3.052300429035782
, , 4.3512, -3.05182194251708
, , 4.3516, -3.0513422171665354
, , 4.352, -3.0508612529841628
, , 4.3524, -3.050379049969962
, , 4.3528, -3.0498956081239186
, , 4.3532, -3.049410927446033
, , 4.3536, -3.048925007936319
, , 4.354, -3.0484378495947624
, , 4.3544, -3.0479494524213777
, , 4.3548, -3.047459816416165
, , 4.3552, -3.0469689415790953
, , 4.3556, -3.0464768279101975
, , 4.356, -3.0459834754094715
, , 4.356400000000001, -3.045488884076903
, , 4.356800000000001, -3.044993053912492
, , 4.357200000000001, -3.044495984916267
, , 4.357600000000001, -3.0439976770882
, , 4.3580000000000005, -3.0434981304282758
, , 4.3584000000000005, -3.0429973449365377
, , 4.3588000000000005, -3.042495320612943
, , 4.3592, -3.0419920574575343
, , 4.3596, -3.041487555470283
, , 4.36, -3.0409818146511896
, , 4.3604, -3.0404748350002677
, , 4.3608, -3.0399666165175034
, , 4.3612, -3.039457159202911
, , 4.3616, -3.038946463056476
, , 4.362, -3.038434528078213
, , 4.3624, -3.037921354268107
, , 4.3628, -3.037406941626159
, , 4.3632, -3.036891290152383
, , 4.3636, -3.0363743998467783
, , 4.364000000000001, -3.0358562707093313
, , 4.364400000000001, -3.035336902740056
, , 4.364800000000001, -3.034816295938924
, , 4.365200000000001, -3.0342944503059783
, , 4.365600000000001, -3.033771365841176
, , 4.3660000000000005, -3.033247042544545
, , 4.3664000000000005, -3.0327214804161002
, , 4.3668000000000005, -3.032194679455799
, , 4.3672, -3.031666639663655
, , 4.3676, -3.031137361039683
, , 4.368, -3.0306068435838824
, , 4.3684, -3.0300750872962396
, , 4.3688, -3.0295420921767686
, , 4.3692, -3.029007858225455
, , 4.3696, -3.0284723854422992
, , 4.37, -3.027935673827315
, , 4.3704, -3.0273977233804885
, , 4.3708, -3.0268585341018337
, , 4.3712, -3.0263181059913506
, , 4.3716, -3.025776439049025
, , 4.372, -3.0252335332748572
, , 4.372400000000001, -3.024689388668847
, , 4.372800000000001, -3.0241440052310082
, , 4.373200000000001, -3.0235973829613556
, , 4.373600000000001, -3.0230495218598463
, , 4.3740000000000006, -3.0225004219264946
, , 4.3744000000000005, -3.0219500831613146
, , 4.3748000000000005, -3.0213985055643064
, , 4.3752, -3.0208456891354416
, , 4.3756, -3.020291633874777
, , 4.376, -3.0197363397822414
, , 4.3764, -3.019179806857892
, , 4.3768, -3.0186220351016857
, , 4.3772, -3.0180630245136513
, , 4.3776, -3.0175027750937886
, , 4.378, -3.0169412868420977
, , 4.3784, -3.0163785597585644
, , 4.3788, -3.0158145938431886
, , 4.3792, -3.0152493890959704
, , 4.3796, -3.014682945516924
, , 4.380000000000001, -3.014115263106035
, , 4.380400000000001, -3.013546341863332
, , 4.380800000000001, -3.012976181788787
, , 4.381200000000001, -3.012404782882385
, , 4.381600000000001, -3.0118321451441687
, , 4.382000000000001, -3.011258268574096
, , 4.3824000000000005, -3.0106831531722236
, , 4.3828000000000005, -3.01010679893848
, , 4.3832, -3.0095292058729086
, , 4.3836, -3.008950373975509
, , 4.384, -3.0083703032462665
, , 4.3844, -3.007788993685182
, , 4.3848, -3.007206445292283
, , 4.3852, -3.006622658067542
, , 4.3856, -3.0060376320109583
, , 4.386, -3.0054513671225322
, , 4.3864, -3.004863863402278
, , 4.3868, -3.0042751208501812
, , 4.3872, -3.0036851394662705
, , 4.3876, -3.003093919250503
, , 4.388, -3.0025014602029074
, , 4.388400000000001, -3.0019077623234693
, , 4.388800000000001, -3.001312825612203
, , 4.389200000000001, -3.0007166500690943
, , 4.389600000000001, -3.0001192356941573
, , 4.390000000000001, -2.999520582487378
, , 4.3904000000000005, -2.99892069044877
, , 4.3908000000000005, -2.99831955957832
, , 4.3912, -2.9977171898760275
, , 4.3916, -2.9971135813419068
, , 4.392, -2.9965087339759577
, , 4.3924, -2.9959026477781663
, , 4.3928, -2.9952953227485466
, , 4.3932, -2.9946867588870703
, , 4.3936, -2.9940769561937657
, , 4.394, -2.993465914668647
, , 4.3944, -2.992853634311672
, , 4.3948, -2.9922401151228684
, , 4.3952, -2.9916253571022224
, , 4.3956, -2.9910093602497483
, , 4.396000000000001, -2.9903921245654175
, , 4.396400000000001, -2.989773650049287
, , 4.396800000000001, -2.9891539367012996
, , 4.397200000000001, -2.98853298452147
, , 4.397600000000001, -2.987910793509812
, , 4.398000000000001, -2.9872873636663115
, , 4.3984000000000005, -2.986662694990983
, , 4.3988000000000005, -2.986036787483826
, , 4.3992, -2.9854096411448268
, , 4.3996, -2.984781255973985
, , 4.4, -2.984151631971315
