Lattice parameter (Å) for Pt, Potential energy (eV) for Pt, Lattice parameter linspace (Å) for Pt, Fitted energy (eV) curve for Pt
3.5, -3.8274097284127064, 3.8, -6.207384770487266
3.6, -5.006306019567042, 3.8004, -6.208333421584712
3.7, -5.761607498536974, 3.8007999999999997, -6.2092800442493115
3.8, -6.198551494489784, 3.8011999999999997, -6.210224638481094
3.9, -6.399394802219326, 3.8015999999999996, -6.211167204280045
4.0, -6.427716292101918, 3.8019999999999996, -6.2121077416461645
4.1, -6.332417502138969, 3.8024, -6.213046250579453
4.2, -6.151351268298954, 3.8028, -6.213982731079923
4.3, -5.913172871034853, 3.8032, -6.214917183147563
4.4, -5.6390616701441605, 3.8036, -6.215849606782356
4.5, -5.345149725992487, 3.804, -6.216780001984333
, , 3.8044, -6.2177083687534775
, , 3.8047999999999997, -6.218634707089777
, , 3.8051999999999997, -6.219559016993273
, , 3.8055999999999996, -6.220481298463923
, , 3.806, -6.221401551501742
, , 3.8064, -6.222319776106744
, , 3.8068, -6.223235972278914
, , 3.8072, -6.224150140018239
, , 3.8076, -6.225062279324746
, , 3.808, -6.225972390198436
, , 3.8084, -6.226880472639266
, , 3.8087999999999997, -6.227786526647293
, , 3.8091999999999997, -6.228690552222474
, , 3.8095999999999997, -6.229592549364824
, , 3.8099999999999996, -6.230492518074357
, , 3.8104, -6.231390458351058
, , 3.8108, -6.232286370194942
, , 3.8112, -6.2331802536059655
, , 3.8116, -6.234072108584172
, , 3.812, -6.2349619351295615
, , 3.8124, -6.235849733242105
, , 3.8127999999999997, -6.236735502921832
, , 3.8131999999999997, -6.237619244168727
, , 3.8135999999999997, -6.238500956982776
, , 3.814, -6.239380641364008
, , 3.8144, -6.240258297312408
, , 3.8148, -6.241133924827977
, , 3.8152, -6.242007523910715
, , 3.8156, -6.242879094560635
, , 3.816, -6.24374863677771
, , 3.8164, -6.244616150561967
, , 3.8167999999999997, -6.245481635913393
, , 3.8171999999999997, -6.246345092831987
, , 3.8175999999999997, -6.24720652131775
, , 3.8179999999999996, -6.2480659213706815
, , 3.8184, -6.248923292990796
, , 3.8188, -6.249778636178064
, , 3.8192, -6.250631950932515
, , 3.8196, -6.251483237254135
, , 3.82, -6.252332495142909
, , 3.8204, -6.253179724598866
, , 3.8207999999999998, -6.254024925622005
, , 3.8211999999999997, -6.254868098212285
, , 3.8215999999999997, -6.255709242369761
, , 3.822, -6.256548358094392
, , 3.8224, -6.257385445386191
, , 3.8228, -6.258220504245173
, , 3.8232, -6.259053534671338
, , 3.8236, -6.259884536664643
, , 3.824, -6.260713510225131
, , 3.8244, -6.261540455352801
, , 3.8247999999999998, -6.2623653720476256
, , 3.8251999999999997, -6.263188260309619
, , 3.8255999999999997, -6.264009120138795
, , 3.8259999999999996, -6.264827951535125
, , 3.8264, -6.265644754498638
, , 3.8268, -6.2664595290293335
, , 3.8272, -6.267272275127183
, , 3.8276, -6.268082992792202
, , 3.828, -6.268891682024389
, , 3.8284, -6.269698342823759
, , 3.8287999999999998, -6.270502975190283
, , 3.8291999999999997, -6.27130557912399
, , 3.8295999999999997, -6.272106154624865
, , 3.83, -6.272904701692909
, , 3.8304, -6.273701220328121
, , 3.8308, -6.274495710530516
, , 3.8312, -6.275288172300051
, , 3.8316, -6.276078605636783
, , 3.832, -6.276867010540684
, , 3.8324, -6.277653387011739
, , 3.8327999999999998, -6.278437735049977
, , 3.8331999999999997, -6.279220054655397
, , 3.8335999999999997, -6.280000345827958
, , 3.8339999999999996, -6.280778608567715
, , 3.8344, -6.281554842874627
, , 3.8348, -6.282329048748721
, , 3.8352, -6.28310122618997
, , 3.8356, -6.283871375198402
, , 3.836, -6.284639495774016
, , 3.8364, -6.28540558791677
, , 3.8367999999999998, -6.286169651626707
, , 3.8371999999999997, -6.286931686903827
, , 3.8375999999999997, -6.287691693748101
, , 3.838, -6.288449672159558
, , 3.8384, -6.289205622138169
, , 3.8388, -6.289959543683963
, , 3.8392, -6.290711436796926
, , 3.8396, -6.291461301477057
, , 3.84, -6.292209137724356
, , 3.8404, -6.292954945538824
, , 3.8407999999999998, -6.293698724920475
, , 3.8411999999999997, -6.29444047586928
, , 3.8415999999999997, -6.2951801983852675
, , 3.8419999999999996, -6.295917892468424
, , 3.8424, -6.296653558118749
, , 3.8428, -6.297387195336242
, , 3.8432, -6.298118804120904
, , 3.8436, -6.298848384472748
, , 3.844, -6.299575936391747
, , 3.8444, -6.300301459877915
, , 3.8447999999999998, -6.301024954931265
, , 3.8451999999999997, -6.301746421551783
, , 3.8455999999999997, -6.3024658597394705
, , 3.846, -6.303183269494326
, , 3.8464, -6.30389865081635
, , 3.8468, -6.304612003705543
, , 3.8472, -6.3053233281619185
, , 3.8476, -6.306032624185448
, , 3.848, -6.306739891776161
, , 3.8484, -6.307445130934042
, , 3.8487999999999998, -6.308148341659077
, , 3.8491999999999997, -6.308849523951309
, , 3.8495999999999997, -6.309548677810696
, , 3.8499999999999996, -6.310245803237251
, , 3.8504, -6.310940900230989
, , 3.8508, -6.311633968791895
, , 3.8512, -6.31232500891997
, , 3.8516, -6.313014020615199
, , 3.852, -6.313701003877611
, , 3.8524, -6.3143859587071915
, , 3.8528, -6.3150688851039405
, , 3.8531999999999997, -6.315749783067872
, , 3.8535999999999997, -6.316428652598972
, , 3.854, -6.317105493697213
, , 3.8544, -6.31778030636265
, , 3.8548, -6.31845309059527
, , 3.8552, -6.31912384639503
, , 3.8556, -6.319792573761973
, , 3.856, -6.320459272696098
, , 3.8564, -6.321123943197378
, , 3.8568, -6.321786585265826
, , 3.8571999999999997, -6.3224471989014575
, , 3.8575999999999997, -6.323105784104243
, , 3.8579999999999997, -6.323762340874225
, , 3.8584, -6.324416869211362
, , 3.8588, -6.325069369115667
, , 3.8592, -6.325719840587141
, , 3.8596, -6.326368283625797
, , 3.86, -6.327014698231608
, , 3.8604, -6.327659084404587
, , 3.8608, -6.328301442144749
, , 3.8611999999999997, -6.328941771452094
, , 3.8615999999999997, -6.3295800723265785
, , 3.862, -6.330216344768246
, , 3.8624, -6.330850588777096
, , 3.8628, -6.331482804353101
, , 3.8632, -6.332112991496274
, , 3.8636, -6.33274115020663
, , 3.864, -6.333367280484154
, , 3.8644, -6.333991382328847
, , 3.8648, -6.334613455740708
, , 3.8651999999999997, -6.335233500719738
, , 3.8655999999999997, -6.335851517265937
, , 3.8659999999999997, -6.336467505379318
, , 3.8664, -6.3370814650598675
, , 3.8668, -6.3376933963075714
, , 3.8672, -6.338303299122458
, , 3.8676, -6.338911173504513
, , 3.868, -6.339517019453723
, , 3.8684, -6.340120836970129
, , 3.8688, -6.34072262605369
, , 3.8691999999999998, -6.3413223867044195
, , 3.8695999999999997, -6.3419201189223315
, , 3.87, -6.342515822707412
, , 3.8704, -6.343109498059661
, , 3.8708, -6.343701144979065
, , 3.8712, -6.344290763465665
, , 3.8716, -6.344878353519405
, , 3.872, -6.345463915140343
, , 3.8724, -6.346047448328449
, , 3.8728, -6.346628953083695
, , 3.8731999999999998, -6.3472084294061375
, , 3.8735999999999997, -6.347785877295763
, , 3.8739999999999997, -6.348361296752529
, , 3.8744, -6.348934687776477
, , 3.8748, -6.349506050367609
, , 3.8752, -6.350075384525894
, , 3.8756, -6.350642690251348
, , 3.876, -6.351207967543985
, , 3.8764, -6.35177121640379
, , 3.8768, -6.35233243683075
, , 3.8771999999999998, -6.352891628824892
, , 3.8775999999999997, -6.353448792386217
, , 3.878, -6.354003927514697
, , 3.8784, -6.354557034210345
, , 3.8788, -6.355108112473175
, , 3.8792, -6.355657162303174
, , 3.8796, -6.356204183700328
, , 3.88, -6.356749176664664
, , 3.8804, -6.357292141196169
, , 3.8808, -6.357833077294842
, , 3.8811999999999998, -6.358371984960684
, , 3.8815999999999997, -6.358908864193694
, , 3.8819999999999997, -6.359443714993887
, , 3.8824, -6.359976537361234
, , 3.8828, -6.360507331295764
, , 3.8832, -6.361036096797463
, , 3.8836, -6.36156283386633
, , 3.884, -6.3620875425023655
, , 3.8844, -6.36261022270557
, , 3.8848, -6.3631308744759565
, , 3.8851999999999998, -6.363649497813498
, , 3.8855999999999997, -6.364166092718207
, , 3.886, -6.3646806591901
, , 3.8864, -6.365193197229161
, , 3.8868, -6.365703706835404
, , 3.8872, -6.366212188008788
, , 3.8876, -6.366718640749369
, , 3.888, -6.367223065057104
, , 3.8884, -6.367725460932007
, , 3.8888, -6.368225828374094
, , 3.8891999999999998, -6.368724167383348
, , 3.8895999999999997, -6.369220477959772
, , 3.8899999999999997, -6.3697147601033635
, , 3.8904, -6.370207013814124
, , 3.8908, -6.370697239092053
, , 3.8912, -6.37118543593715
, , 3.8916, -6.37167160434943
, , 3.892, -6.372155744328865
, , 3.8924, -6.372637855875482
, , 3.8928, -6.373117938989282
, , 3.8931999999999998, -6.373595993670222
, , 3.8935999999999997, -6.374072019918344
, , 3.894, -6.37454601773365
, , 3.8944, -6.375017987116124
, , 3.8948, -6.375487928065738
, , 3.8952, -6.375955840582549
, , 3.8956, -6.3764217246665424
, , 3.896, -6.376885580317676
, , 3.8964, -6.377347407535993
, , 3.8968, -6.377807206321492
, , 3.8971999999999998, -6.3782649766741315
, , 3.8975999999999997, -6.378720718593968
, , 3.8979999999999997, -6.379174432080973
, , 3.8984, -6.379626117135132
, , 3.8988, -6.380075773756474
, , 3.8992, -6.380523401944984
, , 3.8996, -6.380969001700663
, , 3.9, -6.3814125730235105
, , 3.9004, -6.381854115913541
, , 3.9008, -6.382293630370711
, , 3.9012, -6.382731116395078
, , 3.9015999999999997, -6.383166573986614
, , 3.902, -6.383600003145318
, , 3.9024, -6.384031403871191
, , 3.9028, -6.384460776164232
, , 3.9032, -6.384888120024442
, , 3.9036, -6.38531343545182
, , 3.904, -6.3857367224463815
, , 3.9044, -6.386157981008111
, , 3.9048, -6.386577211136995
, , 3.9052, -6.386994412833062
, , 3.9055999999999997, -6.387409586096297
, , 3.9059999999999997, -6.3878227309267
, , 3.9064, -6.388233847324273
, , 3.9068, -6.3886429352890275
, , 3.9072, -6.3890499948209225
, , 3.9076, -6.3894550259200145
, , 3.908, -6.389858028586275
, , 3.9084, -6.390259002819704
, , 3.9088, -6.3906579486203015
, , 3.9092, -6.3910548659880675
, , 3.9095999999999997, -6.391449754923002
, , 3.91, -6.391842615425105
, , 3.9104, -6.392233447494391
, , 3.9108, -6.392622251130845
, , 3.9112, -6.393009026334454
, , 3.9116, -6.393393773105245
, , 3.912, -6.393776491443219
, , 3.9124, -6.3941571813483336
, , 3.9128, -6.394535842820645
, , 3.9132, -6.39491247586011
, , 3.9135999999999997, -6.395287080466744
, , 3.9139999999999997, -6.395659656640561
, , 3.9144, -6.396030204381546
, , 3.9148, -6.3963987236896855
, , 3.9152, -6.396765214565008
, , 3.9156, -6.397129677007513
, , 3.916, -6.397492111017158
, , 3.9164, -6.397852516594
, , 3.9168, -6.39821089373801
, , 3.9172, -6.398567242449175
, , 3.9175999999999997, -6.398921562727523
, , 3.918, -6.399273854573039
, , 3.9184, -6.399624117985724
, , 3.9188, -6.399972352965577
, , 3.9192, -6.400318559512598
, , 3.9196, -6.400662737626803
, , 3.92, -6.4010048873081615
, , 3.9204, -6.401345008556703
, , 3.9208, -6.401683101372413
, , 3.9212, -6.402019165755277
, , 3.9215999999999998, -6.402353201705338
, , 3.9219999999999997, -6.402685209222554
, , 3.9224, -6.403015188306938
, , 3.9228, -6.4033431389584905
, , 3.9232, -6.403669061177226
, , 3.9236, -6.403992954963115
, , 3.924, -6.404314820316188
, , 3.9244, -6.4046346572364286
, , 3.9248, -6.404952465723838
, , 3.9252, -6.405268245778416
, , 3.9255999999999998, -6.405581997400176
, , 3.926, -6.4058937205891056
, , 3.9264, -6.406203415345175
, , 3.9268, -6.406511081668441
, , 3.9272, -6.406816719558876
, , 3.9276, -6.407120329016479
, , 3.928, -6.407421910041251
, , 3.9284, -6.407721462633205
, , 3.9288, -6.4080189867923
, , 3.9292, -6.408314482518591
, , 3.9295999999999998, -6.408607949812051
, , 3.9299999999999997, -6.4088993886726655
, , 3.9304, -6.409188799100463
, , 3.9308, -6.409476181095428
, , 3.9312, -6.409761534657562
, , 3.9316, -6.410044859786865
, , 3.932, -6.41032615648335
, , 3.9324, -6.410605424746976
, , 3.9328, -6.410882664577798
, , 3.9332, -6.411157875975789
, , 3.9335999999999998, -6.4114310589409484
, , 3.934, -6.411702213473276
, , 3.9344, -6.411971339572773
, , 3.9348, -6.412238437239452
, , 3.9352, -6.412503506473271
, , 3.9356, -6.412766547274288
, , 3.936, -6.413027559642472
, , 3.9364, -6.4132865435778115
, , 3.9368, -6.413543499080333
, , 3.9372, -6.413798426150024
, , 3.9375999999999998, -6.4140513247868824
, , 3.9379999999999997, -6.41430219499091
, , 3.9384, -6.41455103676212
, , 3.9388, -6.414797850100484
, , 3.9392, -6.4150426350060314
, , 3.9396, -6.415285391478747
, , 3.94, -6.415526119518617
, , 3.9404, -6.41576481912567
, , 3.9408, -6.416001490299905
, , 3.9412, -6.416236133041281
, , 3.9415999999999998, -6.416468747349853
, , 3.942, -6.41669933322558
, , 3.9424, -6.4169278906684895
, , 3.9428, -6.417154419678553
, , 3.9432, -6.417378920255814
, , 3.9436, -6.417601392400229
, , 3.944, -6.4178218361117985
, , 3.9444, -6.418040251390565
, , 3.9448, -6.4182566382365
, , 3.9452, -6.418470996649589
, , 3.9455999999999998, -6.418683326629846
, , 3.9459999999999997, -6.418893628177301
, , 3.9464, -6.419101901291896
, , 3.9468, -6.419308145973673
, , 3.9472, -6.419512362222619
, , 3.9476, -6.419714550038734
, , 3.948, -6.419914709422031
, , 3.9484, -6.420112840372482
, , 3.9488, -6.420308942890102
, , 3.9492, -6.420503016974919
, , 3.9495999999999998, -6.420695062626891
, , 3.95, -6.42088507984603
, , 3.9504, -6.4210730686323245
, , 3.9508, -6.421259028985816
, , 3.9512, -6.421442960906475
, , 3.9516, -6.421624864394289
, , 3.952, -6.421804739449286
, , 3.9524, -6.421982586071451
, , 3.9528, -6.42215840426077
, , 3.9532, -6.422332194017272
, , 3.9536, -6.422503955340957
, , 3.9539999999999997, -6.422673688231782
, , 3.9544, -6.422841392689804
, , 3.9548, -6.423007068714995
, , 3.9552, -6.4231707163073395
, , 3.9556, -6.423332335466867
, , 3.956, -6.423491926193563
, , 3.9564, -6.423649488487428
, , 3.9568, -6.423805022348461
, , 3.9572, -6.423958527776676
, , 3.9576, -6.424110004772032
, , 3.958, -6.424259453334585
, , 3.9584, -6.4244068734643065
, , 3.9588, -6.424552265161196
, , 3.9592, -6.424695628425255
, , 3.9596, -6.424836963256482
, , 3.96, -6.424976269654877
, , 3.9604, -6.425113547620441
, , 3.9608, -6.425248797153188
, , 3.9612, -6.425382018253103
, , 3.9616, -6.4255132109201725
, , 3.9619999999999997, -6.425642375154425
, , 3.9624, -6.4257695109558455
, , 3.9628, -6.4258946183244205
, , 3.9632, -6.426017697260193
, , 3.9636, -6.426138747763133
, , 3.964, -6.426257769833214
, , 3.9644, -6.426374763470491
, , 3.9648, -6.426489728674937
, , 3.9652, -6.426602665446538
, , 3.9656, -6.426713573785335
, , 3.966, -6.426822453691287
, , 3.9664, -6.426929305164421
, , 3.9668, -6.427034128204696
, , 3.9672, -6.427136922812167
, , 3.9676, -6.427237688986807
, , 3.968, -6.427336426728601
, , 3.9684, -6.427433136037578
, , 3.9688, -6.427527816913724
, , 3.9692, -6.427620469357038
, , 3.9696, -6.42771109336752
, , 3.9699999999999998, -6.427799688945186
, , 3.9704, -6.427886256090005
, , 3.9708, -6.4279707948020075
, , 3.9712, -6.428053305081178
, , 3.9716, -6.4281337869275035
, , 3.972, -6.428212240341011
, , 3.9724, -6.428288665321702
, , 3.9728, -6.428363061869533
, , 3.9732, -6.42843542998456
, , 3.9736, -6.4285057696667565
, , 3.974, -6.428574080916121
, , 3.9744, -6.42864036373264
, , 3.9748, -6.428704618116342
, , 3.9752, -6.428766844067212
, , 3.9756, -6.428827041585251
, , 3.976, -6.428885210670458
, , 3.9764, -6.428941351322848
, , 3.9768, -6.4289954635423925
, , 3.9772, -6.4290475473291195
, , 3.9776, -6.429097602683015
, , 3.9779999999999998, -6.429145629604065
, , 3.9784, -6.429191628092298
, , 3.9788, -6.429235598147713
, , 3.9792, -6.429277539770268
, , 3.9796, -6.429317452960021
, , 3.98, -6.429355337716942
, , 3.9804, -6.429391194041017
, , 3.9808, -6.429425021932275
, , 3.9812, -6.429456821390701
, , 3.9816, -6.429486592416296
, , 3.982, -6.42951433500906
, , 3.9824, -6.429540049168992
, , 3.9828, -6.4295637348961066
, , 3.9832, -6.429585392190376
, , 3.9836, -6.429605021051827
, , 3.984, -6.429622621480448
, , 3.9844, -6.429638193476222
, , 3.9848, -6.429651737039194
, , 3.9852, -6.42966325216932
, , 3.9856, -6.429672738866614
, , 3.9859999999999998, -6.429680197131091
, , 3.9864, -6.429685626962723
, , 3.9868, -6.429689028361523
, , 3.9872, -6.429690401327505
, , 3.9876, -6.429689745860671
, , 3.988, -6.429687061960976
, , 3.9884, -6.429682349628479
, , 3.9888, -6.4296756088631355
, , 3.9892, -6.429666839664961
, , 3.9896, -6.429656042033969
, , 3.99, -6.429643215970145
, , 3.9904, -6.42962836147349
, , 3.9908, -6.42961147854399
, , 3.9912, -6.429592567181686
, , 3.9916, -6.429571627386537
, , 3.992, -6.429548659158556
, , 3.9924, -6.429523662497743
, , 3.9928, -6.429496637404114
, , 3.9932, -6.4294675838776385
, , 3.9936, -6.42943650191836
, , 3.9939999999999998, -6.429403391526236
, , 3.9944, -6.4293682527012805
, , 3.9948, -6.4293310854434935
, , 3.9952, -6.429291889752875
, , 3.9956, -6.429250665629425
, , 3.996, -6.429207413073158
, , 3.9964, -6.429162132084059
, , 3.9968, -6.429114822662115
, , 3.9972, -6.429065484807367
, , 3.9976, -6.429014118519774
, , 3.998, -6.428960723799349
, , 3.9984, -6.428905300646093
, , 3.9988, -6.42884784906002
, , 3.9992, -6.428788369041115
, , 3.9996, -6.428726860589364
, , 4.0, -6.4286633237047965
, , 4.0004, -6.428597758387397
, , 4.0008, -6.428530164637166
, , 4.0012, -6.428460542454104
, , 4.0016, -6.428388891838225
, , 4.002, -6.428315212789499
, , 4.0024, -6.428239505307957
, , 4.0028, -6.428161769393583
, , 4.0032, -6.428082005046363
, , 4.0036, -6.428000212266326
, , 4.004, -6.427916391053472
, , 4.0044, -6.427830541407772
, , 4.0048, -6.427742663329241
, , 4.0052, -6.427652756817892
, , 4.0056, -6.427560821873712
, , 4.006, -6.427466858496686
, , 4.0064, -6.427370866686843
, , 4.0068, -6.427272846444168
, , 4.0072, -6.427172797768662
, , 4.0076, -6.427070720660325
, , 4.008, -6.42696661511917
, , 4.0084, -6.4268604811451695
, , 4.0088, -6.426752318738352
, , 4.0092, -6.4266421278987025
, , 4.0096, -6.4265299086262075
, , 4.01, -6.426415660920895
, , 4.0104, -6.426299384782766
, , 4.0108, -6.426181080211791
, , 4.0112, -6.426060747207984
, , 4.0116, -6.42593838577136
, , 4.0120000000000005, -6.425813995901905
, , 4.0124, -6.425687577599604
, , 4.0128, -6.425559130864485
, , 4.0132, -6.425428655696535
, , 4.0136, -6.425296152095754
, , 4.014, -6.4251616200621555
, , 4.0144, -6.425025059595711
, , 4.0148, -6.4248864706964355
, , 4.0152, -6.4247458533643425
, , 4.0156, -6.424603207599418
, , 4.016, -6.424458533401662
, , 4.0164, -6.4243118307710745
, , 4.0168, -6.42416309970767
, , 4.0172, -6.424012340211405
, , 4.0176, -6.423859552282337
, , 4.018, -6.423704735920438
, , 4.0184, -6.423547891125693
, , 4.0188, -6.423389017898131
, , 4.0192, -6.423228116237738
, , 4.0196, -6.4230651861445125
, , 4.02, -6.422900227618456
, , 4.0204, -6.422733240659568
, , 4.0208, -6.4225642252678625
, , 4.0212, -6.4223931814433115
, , 4.0216, -6.422220109185943
, , 4.022, -6.4220450084957434
, , 4.0224, -6.421867879372712
, , 4.0228, -6.4216887218168495
, , 4.0232, -6.4215075358281695
, , 4.0236, -6.42132432140663
, , 4.024, -6.421139078552287
, , 4.0244, -6.420951807265112
, , 4.0248, -6.420762507545092
, , 4.0252, -6.420571179392255
, , 4.0256, -6.420377822806586
, , 4.026, -6.420182437788085
, , 4.0264, -6.4199850243367536
, , 4.0268, -6.4197855824526044
, , 4.0272, -6.41958411213561
, , 4.0276, -6.419380613385798
, , 4.0280000000000005, -6.41917508620314
, , 4.0284, -6.418967530587679
, , 4.0288, -6.418757946539358
, , 4.0292, -6.41854633405822
, , 4.0296, -6.418332693144265
, , 4.03, -6.418117023797464
, , 4.0304, -6.417899326017832
, , 4.0308, -6.417679599805382
, , 4.0312, -6.4174578451600865
, , 4.0316, -6.417234062081988
, , 4.032, -6.417008250571044
, , 4.0324, -6.416780410627254
, , 4.0328, -6.416550542250661
, , 4.0332, -6.416318645441237
, , 4.0336, -6.416084720198967
, , 4.034, -6.4158487665238795
, , 4.0344, -6.415610784415961
, , 4.0348, -6.415370773875196
, , 4.0352, -6.415128734901614
, , 4.0356, -6.414884667495215
, , 4.036, -6.414638571655956
, , 4.0364, -6.414390447383894
, , 4.0368, -6.414140294678987
, , 4.0372, -6.413888113541262
, , 4.0376, -6.413633903970691
, , 4.038, -6.413377665967317
, , 4.0384, -6.413119399531098
, , 4.0388, -6.412859104662047
, , 4.0392, -6.412596781360165
, , 4.0396, -6.412332429625465
, , 4.04, -6.41206604945792
, , 4.0404, -6.411797640857557
, , 4.0408, -6.411527203824363
, , 4.0412, -6.411254738358323
, , 4.0416, -6.410980244459466
, , 4.042, -6.410703722127792
, , 4.0424, -6.410425171363272
, , 4.0428, -6.410144592165921
, , 4.0432, -6.409861984535752
, , 4.0436, -6.409577348472737
, , 4.0440000000000005, -6.409290683976906
, , 4.0444, -6.4090019910482425
, , 4.0448, -6.408711269686762
, , 4.0452, -6.408418519892422
, , 4.0456, -6.408123741665278
, , 4.046, -6.407826935005289
, , 4.0464, -6.407528099912469
, , 4.0468, -6.407227236386831
, , 4.0472, -6.4069243444283615
, , 4.0476, -6.406619424037061
, , 4.048, -6.406312475212928
, , 4.0484, -6.406003497955979
, , 4.0488, -6.405692492266169
, , 4.0492, -6.405379458143557
, , 4.0496, -6.405064395588113
, , 4.05, -6.404747304599823
, , 4.0504, -6.404428185178716
, , 4.0508, -6.404107037324778
, , 4.0512, -6.403783861038008
, , 4.0516, -6.403458656318406
, , 4.052, -6.403131423165988
, , 4.0524000000000004, -6.402802161580723
, , 4.0528, -6.4024708715626275
, , 4.0532, -6.402137553111714
, , 4.0536, -6.401802206227984
, , 4.054, -6.401464830911394
, , 4.0544, -6.401125427161986
, , 4.0548, -6.400783994979761
, , 4.0552, -6.400440534364677
, , 4.0556, -6.400095045316789
, , 4.056, -6.39974752783607
, , 4.0564, -6.399397981922505
, , 4.0568, -6.399046407576122
, , 4.0572, -6.398692804796923
, , 4.0576, -6.3983371735848635
, , 4.058, -6.397979513940001
, , 4.0584, -6.397619825862293
, , 4.0588, -6.397258109351753
, , 4.0592, -6.396894364408396
, , 4.0596, -6.396528591032208
, , 4.0600000000000005, -6.396160789223188
, , 4.0604000000000005, -6.395790958981323
, , 4.0608, -6.395419100306654
, , 4.0612, -6.39504521319914
, , 4.0616, -6.394669297658794
, , 4.062, -6.394291353685631
, , 4.0624, -6.393911381279636
, , 4.0628, -6.393529380440796
, , 4.0632, -6.393145351169139
, , 4.0636, -6.392759293464664
, , 4.064, -6.392371207327329
, , 4.0644, -6.391981092757192
, , 4.0648, -6.391588949754208
, , 4.0652, -6.391194778318393
, , 4.0656, -6.390798578449761
, , 4.066, -6.3904003501482975
, , 4.0664, -6.390000093413988
, , 4.0668, -6.389597808246876
, , 4.0672, -6.389193494646918
, , 4.0676, -6.388787152614128
, , 4.068, -6.388378782148521
, , 4.0684000000000005, -6.387968383250069
, , 4.0688, -6.387555955918799
, , 4.0692, -6.387141500154684
, , 4.0696, -6.386725015957751
, , 4.07, -6.386306503328001
, , 4.0704, -6.385885962265391
, , 4.0708, -6.385463392769978
, , 4.0712, -6.3850387948417335
, , 4.0716, -6.384612168480629
, , 4.072, -6.384183513686722
, , 4.0724, -6.383752830459997
, , 4.0728, -6.3833201188004125
, , 4.0732, -6.382885378708011
, , 4.0736, -6.3824486101827915
, , 4.074, -6.3820098132247125
, , 4.0744, -6.38156898783383
, , 4.0748, -6.381126134010117
, , 4.0752, -6.380681251753558
, , 4.0756, -6.380234341064181
, , 4.0760000000000005, -6.379785401941973
, , 4.0764000000000005, -6.379334434386934
, , 4.0768, -6.378881438399063
, , 4.0772, -6.378426413978374
, , 4.0776, -6.3779693611248405
, , 4.078, -6.377510279838475
, , 4.0784, -6.377049170119292
, , 4.0788, -6.376586031967278
, , 4.0792, -6.376120865382433
, , 4.0796, -6.3756536703647555
, , 4.08, -6.375184446914261
, , 4.0804, -6.374713195030907
, , 4.0808, -6.3742399147147495
, , 4.0812, -6.373764605965761
, , 4.0816, -6.373287268783926
, , 4.082, -6.372807903169274
, , 4.0824, -6.372326509121805
, , 4.0828, -6.371843086641476
, , 4.0832, -6.37135763572833
, , 4.0836, -6.370870156382367
, , 4.084, -6.3703806486035575
, , 4.0844000000000005, -6.369889112391917
, , 4.0848, -6.369395547747459
, , 4.0852, -6.368899954670184
, , 4.0856, -6.368402333160049
, , 4.086, -6.367902683217096
, , 4.0864, -6.3674010048413265
, , 4.0868, -6.366897298032711
, , 4.0872, -6.366391562791264
, , 4.0876, -6.365883799117
, , 4.088, -6.3653740070098905
, , 4.0884, -6.364862186469978
, , 4.0888, -6.364348337497219
, , 4.0892, -6.363832460091615
, , 4.0896, -6.363314554253208
, , 4.09, -6.362794619981969
, , 4.0904, -6.3622726572778845
, , 4.0908, -6.361748666140983
, , 4.0912, -6.36122264657125
, , 4.0916, -6.360694598568671
, , 4.0920000000000005, -6.3601645221332745
, , 4.0924000000000005, -6.359632417265047
, , 4.0928, -6.359098283964002
, , 4.0932, -6.358562122230097
, , 4.0936, -6.358023932063389
, , 4.094, -6.35748371346385
, , 4.0944, -6.356941466431465
, , 4.0948, -6.356397190966277
, , 4.0952, -6.355850887068243
, , 4.0956, -6.355302554737364
, , 4.096, -6.354752193973681
, , 4.0964, -6.354199804777167
, , 4.0968, -6.353645387147807
, , 4.0972, -6.35308894108563
, , 4.0976, -6.352530466590622
, , 4.098, -6.351969963662768
, , 4.0984, -6.351407432302096
, , 4.0988, -6.350842872508608
, , 4.0992, -6.350276284282259
, , 4.0996, -6.3497076676231075
, , 4.1, -6.349137022531124
, , 4.1004000000000005, -6.34856434900631
, , 4.1008000000000004, -6.347989647048664
, , 4.1012, -6.347412916658172
, , 4.1016, -6.346834157834863
, , 4.102, -6.346253370578722
, , 4.1024, -6.34567055488975
, , 4.1028, -6.345085710767961
, , 4.1032, -6.344498838213326
, , 4.1036, -6.343909937225874
, , 4.104, -6.34331900780559
, , 4.1044, -6.342726049952461
, , 4.1048, -6.342131063666528
, , 4.1052, -6.34153404894775
, , 4.1056, -6.3409350057961404
, , 4.106, -6.3403339342117135
, , 4.1064, -6.339730834194455
, , 4.1068, -6.339125705744351
, , 4.1072, -6.33851854886143
, , 4.1076, -6.337909363545677
, , 4.1080000000000005, -6.337298149797093
, , 4.1084000000000005, -6.336684907615691
, , 4.1088000000000005, -6.3360696370014296
, , 4.1092, -6.335452337954365
, , 4.1096, -6.334833010474469
, , 4.11, -6.334211654561727
, , 4.1104, -6.333588270216168
, , 4.1108, -6.332962857437764
, , 4.1112, -6.332335416226556
, , 4.1116, -6.3317059465825025
, , 4.112, -6.331074448505618
, , 4.1124, -6.3304409219959155
, , 4.1128, -6.329805367053382
, , 4.1132, -6.3291677836780025
, , 4.1136, -6.328528171869806
, , 4.114, -6.327886531628778
, , 4.1144, -6.327242862954918
, , 4.1148, -6.326597165848227
, , 4.1152, -6.325949440308719
, , 4.1156, -6.325299686336365
, , 4.116, -6.324647903931194
, , 4.1164000000000005, -6.323994093093177
, , 4.1168000000000005, -6.323338253822357
, , 4.1172, -6.322680386118691
, , 4.1176, -6.3220204899821795
, , 4.118, -6.321358565412865
, , 4.1184, -6.320694612410719
, , 4.1188, -6.320028630975713
, , 4.1192, -6.319360621107904
, , 4.1196, -6.31869058280725
, , 4.12, -6.318018516073792
, , 4.1204, -6.317344420907489
, , 4.1208, -6.31666829730834
, , 4.1212, -6.315990145276388
, , 4.1216, -6.315309964811604
, , 4.122, -6.314627755913975
, , 4.1224, -6.313943518583528
, , 4.1228, -6.31325725282025
, , 4.1232, -6.3125689586241265
, , 4.1236, -6.3118786359951855
, , 4.1240000000000006, -6.311186284933413
, , 4.1244000000000005, -6.310491905438823
, , 4.1248000000000005, -6.309795497511402
, , 4.1252, -6.309097061151121
, , 4.1256, -6.308396596358037
, , 4.126, -6.307694103132135
, , 4.1264, -6.306989581473374
, , 4.1268, -6.3062830313817955
, , 4.1272, -6.3055744528574
, , 4.1276, -6.304863845900144
, , 4.128, -6.304151210510085
, , 4.1284, -6.303436546687195
, , 4.1288, -6.302719854431459
, , 4.1292, -6.302001133742905
, , 4.1296, -6.301280384621506
, , 4.13, -6.300557607067304
, , 4.1304, -6.299832801080257
, , 4.1308, -6.2991059666603775
, , 4.1312, -6.298377103807667
, , 4.1316, -6.297646212522139
, , 4.132, -6.296913292803765
, , 4.1324000000000005, -6.2961783446525885
, , 4.1328000000000005, -6.295441368068552
, , 4.1332, -6.294702363051712
, , 4.1336, -6.293961329602027
, , 4.134, -6.29321826771951
, , 4.1344, -6.292473177404176
, , 4.1348, -6.29172605865601
, , 4.1352, -6.290976911474999
, , 4.1356, -6.290225735861171
, , 4.136, -6.289472531814511
, , 4.1364, -6.288717299335005
, , 4.1368, -6.287960038422696
, , 4.1372, -6.287200749077556
, , 4.1376, -6.286439431299556
, , 4.138, -6.2856760850887525
, , 4.1384, -6.284910710445104
, , 4.1388, -6.2841433073686375
, , 4.1392, -6.283373875859354
, , 4.1396, -6.282602415917211
, , 4.140000000000001, -6.281828927542264
, , 4.1404000000000005, -6.281053410734472
, , 4.1408000000000005, -6.280275865493863
, , 4.1412, -6.279496291820422
, , 4.1416, -6.2787146897141355
, , 4.142, -6.277931059175032
, , 4.1424, -6.277145400203096
, , 4.1428, -6.27635771279833
, , 4.1432, -6.275567996960731
, , 4.1436, -6.274776252690316
, , 4.144, -6.273982479987055
, , 4.1444, -6.273186678850976
, , 4.1448, -6.272388849282066
, , 4.1452, -6.271588991280311
, , 4.1456, -6.270787104845738
, , 4.146, -6.269983189978348
, , 4.1464, -6.2691772466780975
, , 4.1468, -6.268369274945044
, , 4.1472, -6.2675592747791455
, , 4.1476, -6.266747246180429
, , 4.148, -6.265933189148882
, , 4.1484000000000005, -6.265117103684489
, , 4.1488000000000005, -6.264298989787292
, , 4.1492, -6.263478847457236
, , 4.1496, -6.262656676694377
, , 4.15, -6.261832477498672
, , 4.1504, -6.261006249870135
, , 4.1508, -6.260177993808782
, , 4.1512, -6.259347709314596
, , 4.1516, -6.25851539638758
, , 4.152, -6.2576810550277315
, , 4.1524, -6.256844685235052
, , 4.1528, -6.256006287009541
, , 4.1532, -6.255165860351212
, , 4.1536, -6.2543234052600525
, , 4.154, -6.253478921736047
, , 4.1544, -6.252632409779224
, , 4.1548, -6.25178386938957
, , 4.1552, -6.25093330056707
, , 4.1556, -6.250080703311767
, , 4.156000000000001, -6.249226077623618
, , 4.1564000000000005, -6.248369423502652
, , 4.1568000000000005, -6.247510740948826
, , 4.1572000000000005, -6.246650029962197
, , 4.1576, -6.245787290542751
, , 4.158, -6.244922522690445
, , 4.1584, -6.244055726405321
, , 4.1588, -6.24318690168738
, , 4.1592, -6.24231604853658
, , 4.1596, -6.241443166952976
, , 4.16, -6.240568256936541
, , 4.1604, -6.23969131848726
, , 4.1608, -6.238812351605162
, , 4.1612, -6.2379313562902325
, , 4.1616, -6.2370483325424715
, , 4.162, -6.236163280361879
, , 4.1624, -6.235276199748469
, , 4.1628, -6.234387090702214
, , 4.1632, -6.233495953223141
, , 4.1636, -6.232602787311237
, , 4.164, -6.231707592966487
, , 4.1644000000000005, -6.230810370188905
, , 4.1648000000000005, -6.229911118978521
, , 4.1652000000000005, -6.229009839335291
, , 4.1656, -6.228106531259229
, , 4.166, -6.22720119475035
, , 4.1664, -6.22629382980864
, , 4.1668, -6.225384436434084
, , 4.1672, -6.22447301462671
, , 4.1676, -6.223559564386505
, , 4.168, -6.222644085713469
, , 4.1684, -6.221726578607601
, , 4.1688, -6.220807043068916
, , 4.1692, -6.219885479097385
, , 4.1696, -6.218961886693037
, , 4.17, -6.218036265855858
, , 4.1704, -6.217108616585833
, , 4.1708, -6.21617893888299
, , 4.1712, -6.2152472327473305
, , 4.1716, -6.214313498178811
, , 4.172000000000001, -6.213377735177474
, , 4.1724000000000006, -6.21243994374332
, , 4.1728000000000005, -6.211500123876334
, , 4.1732000000000005, -6.210558275576503
, , 4.1736, -6.209614398843854
, , 4.174, -6.208668493678388
, , 4.1744, -6.2077205600800625
, , 4.1748, -6.206770598048934
, , 4.1752, -6.205818607584959
, , 4.1756, -6.204864588688153
, , 4.176, -6.20390854135853
, , 4.1764, -6.202950465596075
, , 4.1768, -6.2019903614007745
, , 4.1772, -6.201028228772671
, , 4.1776, -6.200064067711722
, , 4.178, -6.199097878217941
, , 4.1784, -6.198129660291329
, , 4.1788, -6.1971594139318995
, , 4.1792, -6.196187139139624
, , 4.1796, -6.195212835914532
, , 4.18, -6.194236504256622
, , 4.180400000000001, -6.193258144165853
, , 4.1808000000000005, -6.192277755642266
, , 4.1812000000000005, -6.191295338685848
, , 4.1816, -6.190310893296612
, , 4.182, -6.189324419474531
, , 4.1824, -6.188335917219632
, , 4.1828, -6.187345386531902
, , 4.1832, -6.186352827411326
, , 4.1836, -6.185358239857948
, , 4.184, -6.184361623871723
, , 4.1844, -6.183362979452667
, , 4.1848, -6.18236230660078
, , 4.1852, -6.181359605316075
, , 4.1856, -6.180354875598525
, , 4.186, -6.179348117448157
, , 4.1864, -6.178339330864972
, , 4.1868, -6.177328515848927
, , 4.1872, -6.176315672400079
, , 4.1876, -6.175300800518386
, , 4.188000000000001, -6.174283900203861
, , 4.188400000000001, -6.173264971456504
, , 4.1888000000000005, -6.17224401427633
, , 4.1892000000000005, -6.171221028663325
, , 4.1896, -6.170196014617488
, , 4.19, -6.16916897213882
, , 4.1904, -6.168139901227335
, , 4.1908, -6.167108801882989
, , 4.1912, -6.166075674105841
, , 4.1916, -6.165040517895861
, , 4.192, -6.164003333253035
, , 4.1924, -6.162964120177392
, , 4.1928, -6.161922878668918
, , 4.1932, -6.160879608727612
, , 4.1936, -6.1598343103534745
, , 4.194, -6.15878698354652
, , 4.1944, -6.15773762830672
, , 4.1948, -6.156686244634102
, , 4.1952, -6.155632832528653
, , 4.1956, -6.154577391990358
, , 4.196, -6.153519923019246
, , 4.196400000000001, -6.152460425615303
, , 4.1968000000000005, -6.151398899778528
, , 4.1972000000000005, -6.150335345508921
, , 4.1976, -6.149269762806497
, , 4.198, -6.148202151671242
, , 4.1984, -6.147132512103141
, , 4.1988, -6.146060844102223
, , 4.1992, -6.144987147668473
, , 4.1996, -6.143911422801892
, , 4.2, -6.14283366950248
